training_step,0,1,2,3,4
1411,379,563,389,298,210
2742,379,563,389,298,210
4139,379,563,389,298,210
5427,379,563,389,298,210
6718,379,563,389,298,210
7937,379,563,389,298,210
9159,379,563,389,298,210
10408,379,563,389,298,210
11646,379,563,389,298,210
12913,379,563,389,298,210
14177,379,563,389,298,210
15400,369,563,389,288,210
16741,369,563,389,288,210
18034,369,563,389,288,210
19194,369,563,389,288,210
20366,369,563,389,288,210
21573,369,563,389,288,210
22771,369,563,389,278,210
23901,369,553,379,278,200
25025,369,553,379,278,200
26149,369,553,379,278,200
27292,369,543,379,278,200
28485,369,543,379,268,200
29660,369,543,379,268,190
30827,369,543,369,268,190
31990,369,543,369,268,190
33240,369,533,369,268,190
34646,369,533,369,258,190
36042,369,533,359,258,190
37539,369,533,359,258,190
38727,369,533,359,258,190
40161,369,523,359,258,190
41538,369,523,359,258,190
42993,369,523,349,258,190
44355,369,523,349,258,190
45751,369,523,349,258,190
47117,369,523,349,258,190
48360,369,523,349,258,190
49568,369,523,339,258,190
50834,369,513,339,258,190
52304,369,513,339,258,190
53588,369,513,339,258,190
54924,369,513,339,258,190
56264,369,513,339,258,190
57545,369,513,339,258,190
58878,369,513,339,258,190
60168,369,513,329,258,190
61535,369,513,329,258,190
62748,369,513,329,258,190
64125,369,513,329,258,190
65422,369,513,319,258,190
66725,369,513,319,258,190
68014,369,513,319,258,190
69344,369,513,319,258,190
70602,369,513,319,258,190
71929,369,513,319,258,190
73195,369,513,319,258,190
74522,369,513,319,258,190
75840,369,513,309,258,190
77130,369,513,309,258,190
78440,369,513,309,258,190
79685,369,513,309,258,190
80948,369,513,309,258,190
82303,369,503,299,258,190
83581,369,503,299,258,190
84940,369,503,299,258,190
86234,369,503,299,258,190
87494,369,503,299,258,190
88728,369,493,299,258,190
89958,369,493,289,258,190
91109,369,493,289,258,190
92282,369,493,289,258,190
93439,369,493,289,258,190
94611,369,493,289,258,190
95841,369,493,289,258,190
97075,369,493,289,258,190
98223,369,493,289,258,190
99444,369,493,289,258,180
100742,369,493,289,258,180
102103,369,493,289,258,180
103551,369,493,289,258,180
104978,369,493,289,258,180
106400,369,493,289,258,180
107701,369,493,289,258,180
109160,369,493,289,248,180
110527,369,493,289,248,180
111956,369,493,289,248,180
113488,369,493,289,248,180
115130,369,493,289,248,180
116559,369,493,289,248,180
118155,369,493,289,248,180
119613,369,493,289,248,170
121230,369,483,289,248,170
123058,369,483,289,248,170
124658,369,483,289,248,170
126228,369,483,289,248,170
127802,369,483,289,248,170
129543,369,483,289,248,170
131279,369,473,289,248,170
133024,369,473,289,248,170
134690,369,473,289,248,170
136347,369,473,279,248,170
138180,359,463,279,248,170
140062,359,463,279,248,170
141911,359,463,279,248,170
143779,359,463,269,248,170
145776,359,453,269,248,170
147808,359,453,269,248,170
149806,359,453,269,248,170
151768,359,453,269,248,170
153679,359,453,259,248,170
155720,359,453,259,248,170
157777,359,443,259,248,170
159836,359,443,259,248,170
161889,359,443,259,248,170
163912,359,443,259,248,170
165934,359,443,259,248,170
168042,359,433,259,248,170
170117,359,433,259,248,170
172167,359,433,259,248,170
174248,359,433,259,248,170
176305,359,433,259,248,170
178395,359,433,259,248,170
180454,359,433,259,248,170
182516,359,433,259,248,170
184584,359,433,259,248,170
186623,359,433,259,248,170
188724,359,433,259,248,170
190799,359,433,259,248,170
192883,359,433,259,248,170
194976,359,433,259,248,170
197071,359,433,259,248,170
199149,359,433,259,248,170
201179,359,433,259,248,170
203231,359,433,259,248,170
205285,359,433,259,248,170
207376,359,433,259,248,170
209451,359,433,259,248,170
211522,359,433,259,248,170
213578,359,433,259,248,170
215618,359,433,259,248,170
217667,359,433,259,248,170
219667,359,433,259,248,170
221671,359,433,259,248,170
223691,359,433,259,248,170
225707,359,433,259,248,170
227704,359,433,259,248,170
229711,359,433,259,248,170
231763,359,433,259,248,170
233755,359,433,259,248,170
235774,359,433,259,248,170
237779,359,433,259,248,170
239796,359,433,259,248,170
241820,359,433,259,248,170
243852,359,433,259,248,170
245862,359,433,259,248,170
247880,359,433,259,248,170
249875,359,433,259,248,170
251891,359,433,259,248,170
253905,359,433,259,248,170
255914,359,433,259,248,170
257941,359,433,259,248,170
260075,359,423,259,238,170
262257,359,423,259,238,170
264372,359,423,259,238,170
266518,359,423,259,238,170
268656,359,423,259,238,170
270781,359,423,259,238,170
272890,359,423,259,238,170
275026,359,423,259,238,170
277142,359,423,259,238,170
279227,359,423,259,238,170
281351,359,423,259,238,170
283469,359,423,259,238,170
285614,359,423,259,238,170
287740,359,423,259,238,170
289871,359,423,259,238,170
292018,359,423,259,238,170
294076,359,423,259,238,170
296117,359,423,259,238,170
298292,359,413,259,238,170
300469,359,413,259,238,170
302751,359,413,249,238,170
305018,359,413,249,238,170
307372,359,403,249,238,170
309537,359,403,249,238,170
311772,359,403,249,238,170
313898,359,403,249,238,160
316141,359,403,249,238,160
318679,359,393,249,238,160
321057,359,393,249,238,160
323237,359,393,249,238,160
325402,359,393,249,238,160
327767,359,383,249,238,160
330123,349,383,249,238,150
332512,349,383,239,238,150
334733,349,383,239,238,150
336833,349,383,239,238,150
339217,349,373,239,238,150
341438,339,373,239,238,150
343671,339,373,229,238,150
345889,339,373,229,238,150
348231,339,363,229,238,150
350569,339,363,229,238,150
352933,339,363,229,238,150
355349,339,363,219,238,150
357720,339,363,219,238,150
360113,339,363,219,228,150
362553,339,353,219,228,150
365066,329,353,219,228,150
367479,329,353,219,228,150
370032,329,353,219,218,150
372389,329,353,219,218,150
374942,329,343,219,218,150
377491,319,343,219,218,150
380045,319,343,219,218,150
382673,319,343,219,218,150
385389,319,343,219,218,150
388187,319,343,219,218,150
390636,319,343,219,218,150
393118,319,343,219,218,150
395535,319,343,219,218,150
398226,319,333,219,218,150
400951,319,333,219,218,150
403642,319,333,219,218,150
406340,319,333,209,218,150
408813,319,333,209,218,150
411441,319,333,209,218,150
413891,319,323,209,218,150
416513,319,323,199,218,150
419095,319,323,199,218,150
421620,319,323,199,218,150
424196,319,323,199,218,150
426723,319,323,199,218,150
429292,319,323,199,218,150
431794,319,323,199,218,150
434380,319,323,199,218,150
436913,319,323,199,218,150
439533,319,323,199,218,150
442012,319,323,199,218,150
444569,319,323,199,218,150
447131,319,323,199,218,150
449543,319,323,199,218,150
452081,319,323,199,218,150
454563,319,323,199,218,150
457088,319,323,199,218,150
459691,319,323,199,218,150
462212,319,323,199,218,150
464749,319,323,199,218,150
467358,319,323,199,218,150
469805,319,323,199,218,150
472238,319,323,199,218,150
474705,319,323,199,218,150
477277,319,323,199,218,150
479848,319,323,199,218,150
482420,319,323,199,218,150
484827,319,323,199,218,150
487370,319,323,199,218,150
489838,319,323,199,218,150
492380,319,323,199,218,150
494892,319,323,199,218,150
497435,319,323,199,218,150
499941,319,323,199,218,150
502466,319,323,199,218,150
505030,319,323,199,218,150
507439,319,323,199,218,150
510003,319,323,199,218,150
512497,319,323,199,218,150
514962,319,323,199,218,150
517417,319,323,199,218,150
520034,319,323,199,218,150
522583,319,323,199,218,150
525156,319,323,199,218,150
527683,319,323,199,218,150
530157,319,323,199,218,150
532694,319,323,199,218,150
535141,319,323,199,218,150
537695,319,323,199,218,150
540215,319,323,199,218,150
542645,319,323,199,218,150
545122,319,323,199,218,150
547604,319,323,199,218,150
550090,319,323,199,218,150
552663,319,323,199,218,150
555163,319,323,199,218,150
557628,319,323,199,218,150
560072,319,323,199,218,150
562545,319,323,199,218,150
565003,319,323,199,218,150
567440,319,323,199,218,150
569948,319,323,199,218,150
572435,319,323,199,218,150
574992,319,323,199,218,150
577440,319,323,199,218,150
579845,319,323,199,218,150
582384,319,323,199,218,150
584895,319,323,199,218,150
587423,319,323,199,218,150
589908,319,323,199,218,150
592367,319,323,199,218,150
594894,319,323,199,218,150
597453,319,323,199,218,150
599931,319,323,199,218,150
602410,319,323,199,218,150
604910,319,323,199,218,150
607407,319,323,199,218,150
609913,319,323,199,218,150
612387,319,323,199,218,150
614892,319,323,199,218,150
617402,319,323,199,218,150
619847,319,323,199,218,150
622304,319,323,199,218,150
624812,319,323,199,218,150
627230,319,323,199,218,150
629721,319,323,199,218,150
632166,319,323,199,218,150
634680,319,323,199,218,150
637159,319,323,199,218,150
639527,319,323,199,218,150
642093,319,323,199,218,150
644618,319,323,199,218,150
647147,319,323,199,218,150
649629,319,323,199,218,150
652070,319,323,199,218,150
654457,319,323,199,218,150
656921,319,323,199,218,150
659425,319,323,199,218,150
661902,319,323,199,218,150
664433,319,323,199,218,150
666961,319,323,199,218,150
669479,319,323,199,218,150
671923,319,323,199,218,150
674374,319,323,199,218,150
676794,319,323,199,218,150
679216,319,323,199,218,150
681613,319,323,199,218,150
684033,319,323,199,218,150
686359,319,323,199,218,150
688740,319,323,199,218,150
691168,309,323,189,218,150
693619,309,323,189,218,140
696189,309,323,189,218,140
698659,309,323,189,218,140
701161,309,323,189,218,130
703684,309,323,189,218,130
706178,309,323,189,218,130
708641,309,323,189,218,130
711132,309,323,189,218,130
713775,299,323,189,218,120
716309,299,323,189,218,120
718841,299,323,189,218,120
721375,299,323,189,218,120
723871,299,323,189,218,110
726347,299,323,189,218,110
728828,299,323,189,218,110
731333,299,323,189,218,110
733799,299,323,189,218,110
736318,299,323,189,218,110
738786,299,323,189,218,110
741268,299,323,189,218,110
743776,299,323,189,218,110
746287,299,323,189,218,110
748772,299,323,189,218,110
751324,299,323,189,218,110
753791,299,323,189,218,110
756234,299,323,189,218,110
758727,299,323,189,218,110
761195,299,323,189,218,110
763661,299,323,189,218,110
766155,299,323,189,218,110
768624,299,323,189,218,110
771090,299,323,189,218,110
773585,299,323,189,218,110
776092,299,323,189,218,110
778586,299,323,189,218,110
781100,289,323,189,218,110
783722,289,323,189,218,110
786240,289,323,189,218,110
788814,289,323,189,218,110
791326,289,323,189,208,110
794022,289,323,189,208,110
796702,289,323,189,208,110
799215,279,323,189,208,110
801634,279,323,189,198,110
804073,279,323,179,198,110
806477,279,323,179,198,110
809134,269,323,179,198,110
811654,269,323,179,198,110
814335,269,323,169,198,110
816879,269,313,169,188,110
819337,259,313,169,188,100
821925,259,313,169,188,100
824524,259,313,169,188,100
827175,259,303,169,188,90
829949,259,303,169,188,90
832566,249,303,159,188,90
835315,249,303,159,188,90
838110,249,303,159,188,90
841355,249,293,159,188,80
844098,249,293,159,188,80
846774,249,293,159,188,80
849418,249,293,159,188,80
852012,249,293,159,188,80
854509,249,293,159,188,80
857051,239,293,159,188,80
859652,239,293,159,188,80
862290,239,293,159,188,80
865006,239,293,159,188,80
867436,239,293,159,188,80
870096,239,283,159,188,80
872785,239,283,159,188,80
875444,239,283,159,188,80
878113,239,283,159,188,80
880805,239,273,159,188,80
883427,239,273,159,188,80
886186,239,273,159,188,80
888910,239,273,159,188,80
891654,239,273,159,188,80
894296,239,273,159,188,80
897000,239,273,159,188,80
899731,239,273,159,188,80
902389,239,273,159,188,80
905114,239,273,159,188,80
907900,239,273,159,188,80
910661,239,273,159,188,70
913445,239,273,159,188,70
916228,239,273,159,188,70
919020,239,273,159,188,70
921773,239,273,159,188,70
924577,239,273,159,188,70
927364,239,273,159,188,70
930032,239,273,159,188,70
932772,239,273,159,188,70
935515,239,263,159,188,60
938439,239,263,159,188,60
941315,239,263,159,188,60
944274,239,263,159,188,60
947026,239,263,159,188,60
949867,239,263,159,188,60
952672,239,263,159,188,60
955560,239,263,159,188,60
958458,239,263,159,188,60
961240,239,263,159,188,60
964144,239,263,159,188,60
967022,239,263,159,188,60
969848,239,263,159,188,60
972596,239,263,159,188,60
975484,239,263,159,188,60
978347,239,263,159,188,60
981125,239,263,159,188,60
983970,239,263,159,188,60
986748,239,263,159,188,60
989515,239,263,159,188,60
992372,239,263,159,188,60
995267,239,263,159,188,60
998080,239,263,159,188,60
1001006,239,263,159,188,60
1003878,239,263,159,188,60
1006655,239,263,159,188,60
1009405,239,263,159,188,60
1012196,239,263,159,188,60
1015126,239,263,159,188,60
1018006,239,263,159,188,60
1020897,239,263,159,188,60
1023723,239,263,159,188,60
1026520,239,263,159,188,60
1029312,239,263,159,188,60
1032180,239,263,159,188,60
1035046,239,263,159,188,60
1037893,239,263,159,188,60
1040786,239,263,159,188,60
1043580,239,263,159,188,60
1046366,239,263,159,188,60
1049202,239,263,159,188,60
1052068,239,263,159,188,60
1054881,239,263,159,188,60
1057704,239,263,159,188,60
1060473,239,263,159,188,60
1063332,239,263,159,188,60
1066174,239,263,159,188,60
1069060,239,263,159,188,60
1071869,239,263,159,188,60
1074682,239,263,159,188,60
1077454,239,263,159,188,60
1080213,239,263,159,188,60
1082936,239,263,159,188,60
1085793,239,263,159,188,60
1088623,239,263,159,188,60
1091402,239,263,159,188,60
1094234,239,263,159,188,60
1097110,239,263,159,188,60
1099959,239,263,159,188,60
1102825,239,263,159,188,60
1105644,239,263,159,188,60
1108426,239,263,159,188,60
1111264,239,263,159,188,60
1114117,239,263,159,188,60
1116821,239,263,159,188,60
1119567,239,263,159,188,60
1122355,239,263,159,188,60
1125210,239,263,159,188,60
1127971,239,263,159,188,60
1130734,239,263,159,188,60
1133513,239,263,159,188,60
1136326,239,263,159,188,60
1139128,239,263,159,188,60
1141868,239,263,159,188,60
1144654,239,263,159,188,60
1147519,239,263,159,188,60
1150389,239,263,159,188,60
1153242,239,263,159,188,60
1156064,239,263,159,188,60
1158833,239,263,159,188,60
1161673,239,263,159,188,60
1164420,239,263,159,188,60
1167248,239,263,159,188,60
1170090,239,263,159,188,60
1172997,239,263,159,188,60
1175867,239,263,159,188,60
1178661,239,263,159,188,60
1181438,239,263,159,188,60
1184232,239,263,159,188,60
1187085,239,263,159,188,60
1189843,239,263,159,188,60
1192679,239,263,159,188,60
1195505,239,263,159,188,60
1198304,239,263,159,188,60
1201176,239,263,159,188,60
1204062,239,263,159,188,60
1206952,239,263,159,188,60
1209761,239,263,159,188,60
1212616,239,263,159,188,60
1215463,239,263,159,188,60
1218239,239,263,159,188,60
1221065,239,263,159,188,60
1223896,239,263,159,188,60
1226801,239,263,159,188,60
1229652,239,263,159,188,60
1232476,239,263,159,188,60
1235358,239,263,159,188,60
1238247,239,263,159,188,60
1241041,239,263,159,188,60
1243862,239,263,159,188,60
1246747,239,263,159,188,60
1249560,239,263,159,188,60
1252422,239,263,159,188,60
1255214,239,263,159,188,60
1258017,239,263,159,188,60
1260895,239,263,159,188,60
1263689,239,263,159,188,60
1266485,239,263,159,188,60
1269313,239,263,159,188,60
1272147,239,263,159,188,60
1274906,239,263,159,188,60
1277689,239,263,159,188,60
1280483,239,263,159,188,60
1283305,239,263,159,188,60
1286141,239,263,159,188,60
1289000,239,263,159,188,60
1291878,239,263,159,188,60
1294681,239,263,159,188,60
1297492,239,263,159,188,60
1300236,239,263,159,188,60
1303001,239,263,159,188,60
1305868,239,263,159,188,60
1308680,239,263,159,188,60
1311468,239,263,159,188,60
1314249,239,263,159,188,60
1317037,239,263,159,188,60
1319838,239,263,159,188,60
1322697,239,263,159,188,60
1325550,239,263,159,188,60
1328409,239,263,159,188,60
1331208,239,263,159,188,60
1334093,239,263,159,188,60
1336894,239,263,159,188,60
1339722,239,263,159,188,60
1342469,239,263,159,188,60
1345249,239,263,159,188,60
1348132,239,263,159,188,60
1350870,239,263,159,188,60
1353633,239,263,159,188,60
1356530,239,263,159,188,60
1359314,239,263,159,188,60
1362094,239,263,159,188,60
1364962,239,263,159,188,60
1367784,239,263,159,188,60
1370624,239,263,159,188,60
1373441,239,263,159,188,60
1376269,239,263,159,188,60
1379011,239,263,159,188,60
1381843,239,263,159,188,60
1384771,239,263,159,188,60
1387509,239,263,159,188,60
1390393,239,263,159,188,60
1393198,239,263,159,188,60
1395971,239,263,159,188,60
1398776,239,263,159,188,60
1401564,239,263,159,188,60
1404365,239,263,159,188,60
1407218,239,263,159,188,60
1410021,239,263,159,188,60
1412834,239,263,159,188,60
1415633,239,263,159,188,60
1418559,239,263,159,188,60
1421447,239,263,159,188,60
1424286,239,263,159,188,60
1427093,239,263,159,188,60
1429839,239,263,159,188,60
1432625,239,263,159,188,60
1435394,239,263,159,188,60
1438268,239,263,159,188,60
1441106,239,263,159,188,60
1443932,239,263,159,188,60
1446777,239,263,159,188,60
1449548,239,263,159,188,60
1452340,239,263,159,188,60
1455121,239,263,159,188,60
1457969,239,263,159,188,60
1460780,239,263,159,188,60
1463623,239,263,159,188,60
1466440,239,263,159,188,60
1469276,239,263,159,188,60
1472129,239,263,159,188,60
1474875,239,263,159,188,60
1477716,239,263,159,188,60
1480477,239,263,159,188,60
1483331,239,263,149,188,60
1486193,239,263,149,188,60
1489074,239,263,149,188,60
1491909,239,263,149,188,60
1494799,239,263,149,188,60
1497694,239,263,149,188,60
1500590,239,263,149,188,60
1503465,239,263,149,188,60
1506265,239,263,149,188,60
1509120,239,263,149,188,60
1512022,239,263,149,188,60
1514921,239,263,149,188,60
1517707,239,263,149,188,60
1520538,239,263,149,188,60
1523472,239,263,149,188,60
1526449,239,263,149,188,60
1529313,239,263,149,188,60
1532023,239,263,149,188,60
1534837,239,263,149,188,60
1537771,239,263,149,188,60
1540614,239,263,149,188,60
1543445,239,263,149,188,60
1546486,239,263,149,188,60
1549376,239,263,149,188,60
1552125,239,263,149,188,60
1554902,239,263,149,188,60
1557783,239,263,149,188,60
1560622,239,263,149,188,60
1563511,239,263,149,188,60
1566385,239,263,149,188,60
1569227,239,263,149,188,60
1572021,239,263,149,188,60
1574780,239,263,149,188,60
1577751,239,263,149,188,60
1580693,239,263,149,188,60
1583474,239,263,149,188,60
1586232,239,263,149,188,60
1589177,239,263,149,188,60
1592169,239,263,149,188,60
1595039,239,263,149,188,60
1597941,239,263,149,188,60
1600793,239,263,149,188,60
1603638,239,263,149,188,60
1606542,239,263,149,188,60
1609388,239,263,149,188,60
1612236,239,263,149,188,60
1615131,239,263,149,188,60
1618114,239,263,149,188,60
1621031,239,263,149,188,60
1623927,239,263,149,188,60
1626797,239,263,149,188,60
1629658,239,263,149,188,60
1632520,239,263,149,188,60
1635445,239,263,149,188,60
1638263,239,263,149,188,60
1641153,239,263,149,188,60
1644012,239,263,149,188,60
1646822,239,263,149,188,60
1649710,239,263,149,188,60
1652609,239,263,149,188,60
1655439,239,263,149,188,60
1658333,239,263,149,188,60
1661164,239,263,149,188,60
1664113,239,263,149,188,60
1666978,239,263,149,188,60
1669885,239,263,149,188,60
1672812,239,263,149,188,60
1675629,239,263,149,188,60
1678531,239,263,149,188,60
1681419,239,263,149,188,60
1684304,239,263,149,188,60
1687202,239,263,149,188,60
1690080,239,263,149,188,60
1692969,239,263,149,188,60
1695851,239,263,149,188,60
1698769,239,263,149,188,60
1701681,239,263,149,188,60
1704490,239,263,149,188,60
1707387,239,263,149,188,60
1710185,239,263,149,188,60
1713140,239,263,149,188,60
1716029,239,263,149,188,60
1718978,239,263,149,188,60
1721903,239,263,149,188,60
1724748,239,263,149,188,60
1727632,239,263,149,188,60
1730457,239,263,149,188,60
1733313,239,263,149,188,60
1736243,239,263,149,188,60
1739138,239,263,149,188,60
1742010,239,263,149,188,60
1745002,239,263,149,188,60
1747924,239,263,149,188,60
1750763,239,263,149,188,60
1753679,239,263,139,188,60
1756686,239,263,139,188,60
1759480,239,263,139,188,60
1762462,239,263,139,188,60
1765604,239,263,129,188,60
1768498,239,263,129,188,60
1771402,239,263,129,188,60
1774291,239,263,129,188,60
1777128,239,263,129,188,60
1780089,239,263,119,188,60
1783155,239,263,119,188,60
1786000,239,263,119,188,60
1788741,239,263,119,188,60
1791483,239,263,119,188,60
1794297,239,263,109,188,60
1797210,239,263,109,188,60
1800115,239,263,109,188,60
1802911,239,263,109,188,60
1805766,239,263,109,188,60
1808496,239,263,109,188,60
1811382,239,263,109,188,60
1814178,239,263,109,188,60
1817096,239,263,109,188,60
1820105,239,263,109,188,60
1822954,239,263,109,188,60
1825825,239,263,109,188,60
1828659,239,263,109,188,60
1831582,239,263,99,188,60
1834630,239,263,99,188,60
1837810,239,263,99,188,60
1840824,239,263,99,188,60
1843726,239,263,99,188,60
1846675,239,253,99,188,60
1849749,239,253,99,188,60
1852854,239,253,99,188,60
1856071,239,253,99,188,60
1859382,239,243,99,188,60
1862663,239,243,99,188,60
1865680,239,243,99,188,60
1868730,239,243,99,188,60
1871963,239,243,99,188,60
1875144,239,233,99,188,60
1878402,239,233,99,188,60
1881593,239,233,99,188,60
1884698,239,233,99,188,60
1887788,239,233,99,188,60
1890811,239,233,99,188,60
1893892,239,233,99,188,60
1896897,239,233,99,188,60
1900158,239,233,99,188,60
1903161,239,233,99,188,60
1906399,239,233,99,188,60
1909481,239,233,99,188,60
1912562,239,233,99,188,60
1915575,239,233,99,188,60
1918784,239,233,99,188,60
1921908,239,233,99,188,60
1924901,239,233,99,188,60
1927829,239,233,99,188,60
1930842,239,233,99,188,60
1933947,239,233,99,188,60
1936939,239,233,99,188,60
1940014,239,233,99,188,60
1942982,239,233,99,188,60
1945990,239,233,99,188,60
1949087,239,233,99,188,60
1952137,239,233,99,188,60
1955216,239,233,99,188,60
1958292,239,233,99,188,60
1961097,239,233,99,188,60
1964076,239,233,99,188,60
1967175,239,233,99,188,60
1970162,239,233,99,188,60
1973226,239,233,99,188,60
1976307,239,233,99,188,60
1979309,239,233,99,188,60
1982219,239,233,99,188,60
1985234,239,233,99,188,60
1988264,239,233,99,188,60
1991204,239,223,99,188,60
1994312,239,223,99,188,60
1997546,229,223,99,188,60
2000693,229,223,99,188,60
2003838,229,223,99,188,60
2007040,229,223,99,188,60
2010078,219,223,99,188,60
2013073,219,223,99,188,60
2016114,219,223,99,188,60
2019198,219,223,99,188,60
2022162,219,223,99,188,60
2025352,209,223,99,188,60
2028589,209,223,89,188,60
2031829,209,223,89,188,60
2034919,209,223,89,188,60
2038085,209,223,89,188,60
2041188,199,223,89,188,60
2044333,199,223,89,188,60
2047475,199,223,89,188,60
2050759,199,223,89,188,60
2053800,199,223,89,188,60
2056954,199,223,89,188,60
2060119,189,223,89,188,60
2063263,189,223,89,188,60
2066446,189,223,89,188,60
2069630,189,223,89,188,60
2072857,189,223,89,188,60
2075885,179,223,89,188,60
2079012,179,223,89,188,60
2081972,179,223,89,188,60
2085051,179,223,89,188,60
2088142,179,223,89,188,60
2091114,169,223,89,188,60
2094121,169,223,89,188,60
2097179,169,223,89,188,60
2100355,169,223,89,178,60
2103468,169,223,89,178,60
2106565,159,223,89,178,60
2109820,159,223,89,178,50
2113056,159,223,89,168,50
2116166,159,223,89,168,50
2119519,159,223,89,168,50
2122688,149,223,89,168,50
2125821,149,223,89,168,50
2128973,149,223,89,158,50
2132107,149,223,89,158,50
2135273,149,223,89,158,50
2138455,149,223,89,148,50
2141857,139,223,89,148,50
2145285,139,223,89,148,50
2148534,139,223,89,148,50
2151917,139,223,89,148,50
2155143,139,223,89,148,50
2158481,139,223,89,148,50
2161703,139,223,89,148,50
2164917,139,223,89,148,50
2168320,139,223,89,148,50
2171506,139,223,89,148,50
2174970,139,223,89,148,50
2178217,139,223,89,148,50
2181450,139,223,89,148,50
2184701,139,223,89,148,50
2187961,139,223,89,148,50
2191243,139,223,89,148,50
2194643,139,223,89,148,50
2198065,139,223,89,148,50
2201252,139,223,89,148,50
2204611,139,223,89,148,50
2207819,139,223,89,148,50
2211110,139,223,89,148,50
2214399,139,223,89,148,50
2217650,139,223,89,148,50
2220951,139,223,89,148,50
2224243,139,223,89,148,50
2227450,139,223,89,148,50
2230693,139,223,89,148,50
2234022,139,223,89,148,50
2237425,139,223,89,148,50
2240744,139,223,89,148,50
2243981,139,223,89,148,50
2247343,139,223,89,148,50
2250622,139,223,89,148,50
2253936,139,223,89,148,50
2257345,139,223,89,148,50
2260716,139,223,89,148,50
2264033,139,223,89,148,50
2267229,139,223,89,148,50
2270440,139,223,89,148,50
2273786,139,223,89,148,50
2277129,139,223,89,148,50
2280501,139,223,89,148,50
2283997,139,223,89,148,50
2287221,139,223,89,148,50
2290451,139,223,89,148,50
2293736,139,223,89,148,50
2297074,139,223,89,148,50
2300498,139,213,89,148,50
2303893,139,213,89,148,40
2307100,139,213,89,148,40
2310469,139,213,89,148,40
2313902,139,213,89,148,40
2317317,139,203,89,148,40
2320717,129,203,89,148,40
2324101,129,203,89,148,40
2327601,129,203,89,148,40
2330933,129,203,89,148,40
2334427,129,203,89,148,40
2337799,129,203,89,148,40
2341087,129,203,89,148,40
2344481,129,203,89,148,40
2347875,129,203,89,148,40
2351273,129,203,89,148,40
2354747,129,203,89,148,40
2358191,129,203,89,148,40
2361671,129,203,89,148,40
2365135,129,203,89,148,40
2368587,129,203,89,148,40
2371985,129,203,89,148,40
2375499,129,203,89,148,40
2378955,129,203,89,148,40
2382377,129,203,89,148,40
2385825,129,203,89,148,40
2389231,129,203,89,148,40
2392837,129,203,89,148,40
2396271,129,203,89,148,40
2399767,129,203,89,148,40
2403035,129,203,89,148,40
2406493,129,203,89,148,40
2409879,129,203,89,148,40
2413307,129,203,89,148,40
2416673,129,203,89,148,40
2419955,129,203,89,148,40
2423263,129,203,89,148,40
2426555,129,203,89,148,40
2429985,129,203,89,148,40
2433447,129,203,89,148,40
2436951,129,203,89,148,40
2440279,129,203,89,148,40
2443613,129,203,89,148,40
2447069,129,203,89,148,40
2450487,129,203,89,148,40
2453885,129,203,89,148,40
2457431,129,203,89,148,40
2460849,129,203,89,148,40
2464329,129,203,89,148,40
2467757,129,203,89,148,40
2471133,129,203,89,148,40
2474583,129,203,89,148,40
2477987,129,203,89,148,40
2481375,129,203,89,148,40
2484729,129,203,89,148,40
2488175,129,203,89,148,40
2491635,129,203,89,148,40
2494933,129,203,89,148,40
2498289,129,203,89,148,40
2501693,129,203,89,148,40
2504963,129,203,89,148,40
2508307,129,203,89,148,40
2511653,129,203,89,148,40
2515119,129,203,89,148,40
2518371,129,203,89,148,40
2521703,129,203,89,148,40
2525017,129,203,89,148,40
2528455,129,203,89,148,40
2531779,129,203,89,148,40
2535269,129,203,89,148,40
2538675,129,203,89,148,40
2542033,129,203,89,148,40
2545429,129,203,89,148,40
2548685,129,203,89,148,40
2552059,129,203,89,148,40
2555461,129,203,89,148,40
2558881,129,203,89,148,40
2562303,129,203,89,148,40
2565639,129,203,89,148,40
2568945,129,203,89,148,40
2572285,129,203,89,148,40
2575709,129,203,89,148,40
2579199,129,203,89,148,40
2582553,129,203,89,148,40
2585971,129,203,89,148,40
2589365,129,203,89,148,40
2592613,129,203,89,148,40
2596017,129,203,89,148,40
2599421,129,203,89,148,40
2602845,129,203,89,148,40
2606325,129,203,89,148,40
2609925,129,203,89,148,40
2613355,129,203,89,148,40
2616663,129,203,89,148,40
2620065,129,203,89,148,40
2623519,129,203,89,148,40
2626943,129,203,89,148,40
2630339,129,203,89,148,40
2633549,129,203,89,148,40
2636829,129,203,89,148,40
2640183,129,203,89,148,40
2643553,129,203,89,148,40
2646883,129,203,89,148,40
2650387,129,203,89,148,40
2653753,129,203,89,148,40
2657077,129,203,89,148,40
2660609,129,203,89,148,40
2664081,129,203,89,148,40
2667439,129,203,89,148,40
2670887,129,203,89,148,40
2674237,129,203,89,148,40
2677653,129,203,89,148,40
2680751,129,203,89,148,40
2684123,129,203,89,148,40
2687481,129,203,89,148,40
2690893,129,203,89,148,40
2694319,129,203,89,148,40
2697649,129,203,89,148,40
2700945,129,203,89,148,40
2704319,129,203,89,148,40
2707619,129,203,89,148,40
2710947,129,203,89,148,40
2714429,129,203,89,148,40
2717827,129,203,89,148,40
2721153,129,203,89,148,40
2724677,129,203,89,148,40
2728139,129,203,89,148,40
2731297,129,203,89,148,40
2734647,129,203,89,148,40
2738177,129,203,89,148,40
2741811,129,203,89,148,40
2745241,129,203,89,148,40
2748579,129,203,89,148,40
2752113,129,203,89,148,30
2755447,129,203,89,148,30
2758921,129,203,89,148,30
2762475,129,203,89,148,30
2766099,129,203,89,148,30
2769693,129,203,89,148,30
2773341,129,203,89,148,30
2777035,129,203,89,148,30
2780475,129,203,89,148,30
2783855,129,203,89,148,30
2787295,129,203,89,148,30
2790863,129,203,89,148,30
2794141,129,203,89,148,30
2797831,129,203,89,148,30
2801545,129,203,89,148,30
2804935,129,203,89,148,30
2808589,129,203,89,148,30
2812275,129,203,89,148,30
2815695,129,203,89,148,30
2819295,129,203,89,148,30
2822661,129,203,89,148,30
2826047,129,203,89,148,30
2829533,129,203,89,148,30
2833037,129,203,89,148,30
2836343,129,203,89,148,30
2839951,129,203,89,148,30
2843317,129,203,89,148,30
2846687,129,203,89,148,30
2850121,129,203,89,148,30
2853697,129,203,89,148,30
2857191,129,203,89,148,30
2860618,129,203,89,148,30
2863959,129,203,89,148,30
2867333,129,203,89,148,30
2871115,129,203,89,148,30
2874567,129,203,89,148,30
2878023,129,203,89,148,30
2881569,129,203,89,148,30
2884967,129,203,89,148,30
2888287,129,203,89,148,30
2891773,129,203,89,148,30
2895279,129,203,89,148,30
2898591,129,203,89,148,30
2902119,129,203,89,148,30
2905387,129,203,89,148,30
2908845,129,203,89,148,30
2912115,129,203,89,148,30
2915755,129,203,89,148,30
2919133,129,203,89,148,30
2922567,129,203,89,148,30
2925987,129,203,89,148,30
2929517,129,203,89,148,30
2932909,129,203,89,148,30
2936267,129,203,89,148,30
2939647,129,203,89,148,30
2943289,129,203,89,148,30
2946727,129,203,89,148,30
2950019,129,203,89,148,30
2953307,129,203,89,148,30
2956613,129,203,89,148,30
2959909,129,203,89,148,30
2963341,129,203,89,148,30
2966799,129,203,89,148,30
2970435,129,203,89,148,30
2973853,129,203,89,148,30
2977261,129,203,89,148,30
2980821,129,203,89,148,30
2984267,129,203,89,148,30
2987769,129,203,89,148,30
2991121,129,203,89,148,30
2994477,129,203,89,148,30
2997871,129,203,89,148,30
3001349,129,203,89,148,30
3004843,129,203,89,148,30
3008323,129,203,89,148,30
3011977,129,203,89,148,30
3015519,129,203,89,148,30
3018897,129,203,89,148,30
3022231,129,203,89,148,30
3025745,129,203,89,148,30
3029205,129,203,89,148,30
3032543,129,203,89,148,30
3035981,129,203,89,148,30
3039403,129,203,89,148,30
3042751,129,203,89,148,30
3046055,129,203,89,148,30
3049425,129,203,89,148,30
3052979,129,203,89,148,30
3056397,129,203,89,148,30
3059865,129,203,89,148,30
3063203,129,203,89,148,30
3066613,129,203,89,148,30
3070023,129,203,89,148,30
3073439,129,203,89,148,30
3076797,129,203,89,148,30
3080163,129,203,89,148,30
3083661,129,203,89,148,30
3086941,129,203,89,148,30
3090243,129,203,89,148,30
3093667,129,203,89,148,30
3097115,129,203,89,148,30
3100599,129,203,89,148,30
3104055,129,203,89,148,30
3107529,129,203,89,148,30
3111005,129,203,89,148,30
3114451,129,203,89,148,30
3117867,129,203,89,148,30
3121455,129,203,89,148,30
3124869,129,203,89,148,30
3128467,129,203,89,148,30
3131769,129,203,89,148,30
3135325,129,203,89,148,30
3138829,129,203,89,148,30
3142309,129,203,89,148,30
3145725,129,203,89,148,30
3149129,129,203,89,148,30
3152381,129,203,89,148,30
3155785,129,203,89,148,30
3159265,129,203,89,148,30
3162543,129,203,89,148,30
3165941,129,203,89,148,30
3169369,129,203,89,148,30
3172879,129,203,89,148,30
3176207,129,203,89,148,30
3179827,129,203,89,148,30
3183169,129,203,89,148,30
3186589,129,203,89,148,30
3190141,129,203,89,148,30
3193551,129,203,89,148,30
3196818,129,203,89,148,30
3200268,129,203,89,148,30
3203749,129,203,89,148,30
3207388,129,193,89,148,30
3210894,129,193,79,148,30
3214605,119,193,79,148,30
3218438,119,193,79,148,30
3222081,119,193,79,138,30
3225767,119,193,79,138,30
3229585,109,183,79,138,30
3233467,109,183,79,138,30
3237168,109,183,79,128,30
3241016,109,183,79,128,30
3244879,109,183,79,128,30
3248851,99,183,79,128,30
3252800,99,183,79,128,30
3256717,99,183,79,128,30
3260622,99,183,79,128,30
3264374,99,183,79,128,30
3268202,99,183,79,128,30
3272108,89,183,79,128,30
3275909,89,183,79,128,30
3279734,89,183,79,128,30
3283597,89,183,79,128,30
3287401,89,183,79,128,30
3291300,89,183,79,128,30
3295105,89,183,79,128,30
3298891,89,183,79,128,30
3302735,89,183,79,118,30
3306555,89,183,79,118,30
3310201,89,183,79,118,30
3314045,89,183,79,118,30
3317817,89,183,79,118,30
3321566,89,183,79,118,30
3325287,89,183,79,118,30
3328842,89,183,79,118,30
3332591,89,183,79,118,30
3336379,89,183,79,118,30
3340102,89,183,79,118,30
3343810,89,183,79,118,30
3347484,89,183,79,118,30
3351136,89,183,79,118,30
3354944,89,183,79,118,30
3358662,89,183,79,118,30
3362450,89,183,79,118,30
3366186,89,183,79,118,30
3370028,89,183,79,118,30
3373733,89,183,79,118,30
3377534,89,183,79,118,30
3381410,89,183,79,118,30
3385140,89,183,79,118,30
3388924,89,183,79,118,30
3392633,89,183,79,118,30
3396295,89,183,79,118,30
3400029,89,183,79,118,30
3403730,89,183,79,118,30
3407551,89,183,79,118,30
3411307,89,183,79,118,30
3414963,89,183,79,118,30
3418686,89,183,79,118,30
3422467,89,183,79,118,30
3426354,89,183,79,118,30
3430186,89,183,79,118,30
3433851,89,183,79,118,30
3437564,89,183,79,118,30
3441223,89,183,79,118,30
3444978,89,183,79,118,30
3448852,89,183,79,118,30
3452524,89,183,79,118,30
3456380,89,183,79,118,30
3460164,89,183,79,118,30
3463939,89,183,79,118,30
3467866,89,183,79,118,30
3471696,89,183,79,118,30
3475485,89,183,79,118,30
3479317,89,183,79,118,30
3483256,89,183,79,118,30
3486967,89,183,79,118,30
3490694,89,183,79,118,30
3494624,89,183,79,118,30
3498297,89,183,79,118,30
3502021,89,183,79,118,30
3505744,89,183,79,118,30
3509421,89,183,79,118,30
3513192,89,183,79,118,30
3516760,89,183,79,118,30
3520603,89,183,79,118,30
3524253,89,183,79,118,30
3528179,79,183,79,108,30
3532176,79,183,79,108,30
3536134,79,183,79,108,30
3540085,79,183,79,108,30
3544018,79,183,79,98,30
3547937,79,183,79,98,30
3551833,79,183,79,98,30
3555720,79,183,79,98,30
3559625,79,183,79,98,30
3563573,79,183,79,98,30
3567471,79,183,79,98,30
3571421,79,183,79,98,30
3575334,79,183,79,98,30
3579225,79,183,79,98,30
3583172,79,183,79,98,30
3587096,79,183,79,98,30
3591044,79,183,79,98,30
3595050,79,183,79,98,30
3598955,79,183,79,98,30
3602982,79,183,79,98,30
3606899,79,183,79,98,30
3610778,79,183,79,98,30
3614758,79,183,79,98,30
3618667,79,183,79,98,30
3622556,79,183,79,98,30
3626492,79,183,79,98,30
3630426,69,183,79,98,30
3634458,69,183,79,88,30
3638457,69,183,79,88,30
3642400,69,183,79,88,30
3646347,59,183,79,88,30
3650427,59,183,79,78,30
3654582,59,183,79,78,30
3658715,59,183,79,78,30
3662820,59,183,79,78,30
3666908,59,183,79,78,30
3670977,59,183,79,78,30
3675051,59,183,79,68,30
3679266,59,183,79,68,30
3683502,59,183,79,68,30
3687647,59,183,79,68,30
3691876,59,183,79,68,30
3696127,59,183,79,68,30
3700294,59,183,79,68,30
3704530,59,183,79,68,30
3708765,59,183,79,68,30
3713005,59,183,79,68,30
3717117,59,183,79,68,30
3721229,59,183,79,68,30
3725362,59,183,79,68,30
3729515,59,183,79,68,30
3733658,59,183,79,68,30
3737828,59,183,79,68,30
3742056,59,183,79,68,30
3746120,59,183,79,68,30
3750279,59,183,79,68,30
3754404,59,183,79,68,30
3758487,59,183,79,68,30
3762594,59,183,79,68,30
3766627,59,183,79,68,30
3770689,59,183,79,68,30
3774780,59,183,79,68,30
3778836,59,183,79,68,30
3782944,59,183,79,68,30
3787088,59,183,79,68,30
3791176,59,183,79,68,30
3795321,59,183,79,68,30
3799255,59,183,79,68,30
3803415,59,183,79,68,30
3807408,59,183,79,68,30
3811500,59,183,79,68,30
3815546,59,183,79,68,30
3819642,59,183,79,68,30
3823694,59,183,79,68,30
3827761,59,183,79,68,30
3831857,59,183,79,68,30
3835947,59,183,79,68,30
3840124,59,183,79,68,30
3844273,59,183,79,68,30
3848440,59,183,79,68,30
3852476,59,183,79,68,30
3856584,59,183,79,68,30
3860741,59,183,79,68,30
3864844,59,183,79,68,30
3868923,59,183,79,68,30
3873039,59,183,79,68,30
3877111,59,183,79,68,30
3881194,59,183,79,68,30
3885299,59,183,79,68,30
3889324,59,183,79,68,30
3893414,59,183,79,68,30
3897515,59,183,79,68,30
3901544,59,183,79,68,30
3905652,59,183,79,68,30
3909754,59,183,79,68,30
3913871,59,183,79,68,30
3917985,59,183,79,68,30
3922089,59,183,79,68,30
3926185,59,183,79,68,30
3930244,59,183,79,68,30
3934351,59,183,79,68,30
3938430,59,183,79,68,30
3942457,59,183,79,68,30
3946582,59,183,79,68,30
3950663,59,183,79,68,30
3954640,59,183,79,68,30
3958773,59,183,79,68,30
3962925,59,183,79,68,30
3966994,59,183,79,68,30
3971118,59,183,79,68,30
3975162,59,183,79,68,30
3979195,59,183,79,68,30
3983210,59,183,79,68,30
3987317,59,183,79,68,30
3991319,59,183,79,68,30
3995378,59,183,79,68,30
3999460,59,183,79,68,30
4003486,59,183,79,68,30
4007503,59,183,79,68,30
4011565,59,183,79,68,30
4015593,59,183,79,68,30
4019662,59,183,79,68,30
4023737,59,183,79,68,30
4027804,59,183,79,68,30
4031862,59,183,79,68,30
4035872,59,183,79,68,30
4039804,59,183,79,68,30
4043863,59,183,79,68,30
4047946,59,183,79,68,30
4052008,59,183,79,68,30
4056026,59,183,79,68,30
4060054,59,183,79,68,30
4064003,59,183,79,68,30
4067993,59,183,79,68,30
4072080,59,183,79,68,30
4076098,59,183,79,68,30
4080096,59,183,79,68,30
4084154,59,183,79,68,30
4088156,59,183,79,68,30
4092181,59,183,79,68,30
4096263,59,183,79,68,30
4100298,59,183,79,68,30
4104369,59,183,79,68,30
4108471,59,183,79,68,30
4112492,59,183,79,68,30
4116455,59,183,79,68,30
4120451,59,183,79,68,30
4124560,59,183,79,68,30
4128522,59,183,79,68,30
4132613,59,183,79,68,30
4136706,59,173,79,68,30
4140814,59,173,79,68,30
4144958,59,173,79,68,30
4149071,59,173,79,68,30
4153299,59,173,79,68,30
4157418,59,173,79,68,30
4161564,59,163,79,68,30
4165621,59,163,79,68,30
4169673,59,163,79,68,30
4173759,59,163,79,68,30
4177870,59,163,79,68,30
4181951,59,163,79,68,30
4186038,59,163,79,68,30
4190093,59,163,79,68,30
4194225,59,163,79,68,30
4198286,59,163,79,68,30
4202384,59,163,79,68,30
4206460,59,163,79,68,30
4210502,59,163,79,68,30
4214547,59,163,79,68,30
4218626,59,163,79,68,30
4222696,59,163,79,68,30
4226760,59,163,79,68,30
4230815,59,163,79,68,30
4234847,59,163,79,68,30
4238906,59,163,79,68,30
4242989,59,163,79,68,30
4247025,59,163,79,68,30
4251047,59,163,79,68,30
4255163,59,163,79,68,30
4259222,59,163,79,68,30
4263321,59,163,79,68,30
4267358,59,163,79,68,30
4271442,59,163,79,68,30
4275520,59,163,79,68,30
4279552,59,163,79,68,30
4283644,59,163,79,68,30
4287669,59,163,79,68,30
4291719,59,163,79,68,30
4295782,59,163,79,68,30
4299894,59,163,79,68,30
4303935,59,163,79,68,30
4308021,59,163,79,68,30
4312109,59,163,79,68,30
4316128,59,163,79,68,30
4320091,59,163,79,68,30
4324162,59,163,79,68,30
4328276,59,163,79,68,30
4332311,59,163,79,68,30
4336368,59,163,79,68,30
4340359,59,163,79,68,30
4344434,59,163,79,68,30
4348474,59,163,79,68,30
4352472,59,163,79,68,30
4356514,59,163,79,68,30
4360549,59,163,79,68,30
4364623,59,163,79,68,30
4368654,59,163,79,68,30
4372692,59,163,79,68,30
4376783,59,163,79,68,30
4380822,59,163,79,68,30
4384846,59,163,79,68,30
4388922,59,163,79,68,30
4392886,59,163,79,68,30
4396977,59,163,79,68,30
4401040,59,163,79,68,30
4404946,59,163,79,68,30
4409032,59,163,79,68,30
4413087,59,163,79,68,30
4417113,59,163,79,68,30
4421163,59,163,79,68,30
4425245,59,163,79,68,30
4429264,59,163,79,68,30
4433361,59,163,79,68,30
4437443,59,163,79,68,30
4441487,59,163,79,68,30
4445466,59,163,79,68,30
4449519,59,163,79,68,30
4453618,59,163,79,68,30
4457666,59,163,79,68,30
4461721,59,163,79,68,30
4465788,59,163,79,68,30
4469812,59,163,79,68,30
4473852,59,163,79,68,30
4477925,59,163,79,68,30
4481932,59,163,79,68,30
4485931,59,163,79,68,30
4490051,59,163,79,68,30
4494056,59,163,79,68,30
4498115,59,163,79,68,30
4502144,59,163,79,68,30
4506148,59,163,79,68,30
4510139,59,163,79,68,30
4514214,59,163,79,68,30
4518163,59,163,79,68,30
4522197,59,163,79,68,30
4526104,59,163,79,68,30
4530088,59,163,79,68,30
4534080,59,163,79,68,30
4538101,59,163,79,68,30
4542143,59,163,79,68,30
4546194,59,163,79,68,30
4550253,59,163,79,68,30
4554275,59,163,79,68,30
4558246,59,163,79,68,30
4562269,59,163,79,68,30
4566262,59,163,79,68,30
4570303,59,163,79,68,30
4574357,59,163,79,68,30
4578370,59,163,79,68,30
4582361,59,163,79,68,30
4586322,59,163,79,68,30
4590329,59,163,79,68,30
4594322,59,163,79,68,30
4598386,59,163,79,68,30
4602363,59,163,79,68,30
4606400,59,163,79,68,30
4610400,59,163,79,68,30
4614415,59,163,79,68,30
4618399,59,163,79,68,30
4622422,59,163,79,68,30
4626414,59,163,79,68,30
4630488,59,163,79,68,30
4634471,59,163,79,68,30
4638502,59,163,79,68,30
4642491,59,163,79,68,30
4646484,59,163,79,68,30
4650532,59,163,79,68,30
4654612,49,163,79,68,30
4658778,49,163,79,68,30
4662912,49,163,79,68,30
4667047,49,163,79,68,30
4671098,49,163,79,68,30
4675162,49,163,79,68,30
4679280,49,163,79,68,30
4683346,49,163,79,68,30
4687435,49,163,79,68,30
4691426,49,163,79,68,30
4695568,49,163,79,68,30
4699684,49,163,79,68,30
4703874,49,163,79,68,30
4707962,49,163,79,68,30
4711907,49,163,79,68,30
4716023,49,163,79,68,30
4720113,49,163,79,68,30
4724320,49,163,79,68,30
4728464,49,163,79,68,30
4732624,49,163,79,68,30
4736803,49,163,79,68,30
4740917,49,163,79,68,30
4745012,49,163,79,68,30
4749102,49,163,79,68,30
4753144,49,163,79,68,30
4757210,49,163,79,68,30
4761404,49,163,79,68,30
4765560,49,163,79,68,30
4769673,49,163,79,68,30
4773816,49,163,79,68,30
4777959,49,163,79,68,30
4782094,49,163,79,68,30
4786142,49,163,79,68,30
4790236,49,163,79,68,30
4794358,49,163,79,68,30
4798462,49,163,79,68,30
4802590,49,163,79,68,30
4806619,49,163,79,68,30
4810709,49,163,79,68,30
4814762,49,163,79,68,30
4818804,49,163,79,68,30
4822972,49,163,79,68,30
4827188,49,163,79,68,30
4831300,49,163,79,68,30
4835375,49,163,79,68,30
4839464,49,163,79,68,30
4843548,49,163,79,68,30
4847651,49,163,79,68,30
4851841,49,163,79,68,30
4856033,49,163,79,68,30
4860094,49,163,79,68,30
4864202,49,163,79,68,30
4868306,49,163,79,68,30
4872427,49,163,79,68,30
4876529,49,163,79,68,30
4880609,49,163,79,68,30
4884788,49,163,79,68,30
4888776,49,163,79,68,30
4892912,49,163,79,68,30
4897009,49,163,79,68,30
4901100,49,163,79,68,30
4905171,49,163,79,68,30
4909278,49,163,79,68,30
4913337,49,163,79,68,30
4917533,49,163,79,68,30
4921550,49,163,79,68,30
4925644,49,163,79,68,30
4929680,49,163,79,68,30
4933744,49,163,79,68,30
4937888,49,163,79,68,30
4941923,49,163,79,68,30
4946025,49,163,79,68,30
4950046,49,163,79,68,30
4954093,49,163,79,68,30
4958239,49,163,79,68,30
4962455,49,163,79,68,30
4966566,49,163,79,68,30
4970659,49,163,79,68,30
4974750,49,163,79,68,30
4978842,49,163,79,68,30
4982946,49,163,79,68,30
4987049,49,163,79,68,30
4991234,39,163,79,68,30
4995442,39,163,79,68,30
4999434,39,163,79,68,30
5003534,39,163,79,68,30
5007535,39,163,79,68,30
5011550,39,163,79,68,30
5015722,39,163,79,68,30
5019853,39,153,79,68,30
5023916,39,153,79,68,30
5028029,39,153,79,68,30
5032136,39,153,79,68,30
5036261,39,153,79,68,30
5040385,39,143,79,68,30
5044577,39,143,79,58,30
5048896,39,143,79,58,30
5053153,39,143,79,58,30
5057506,39,133,79,58,20
5061913,39,133,79,58,20
5066180,39,133,79,58,20
5070576,39,133,79,58,20
5074887,39,133,79,58,20
5079286,39,133,79,58,20
5083639,39,133,79,58,20
5087842,39,133,79,58,20
5092157,39,133,79,58,20
5096575,39,133,79,58,20
5100997,39,133,79,58,20
5105398,39,133,79,58,20
5109659,39,133,79,58,20
5114079,39,133,79,58,20
5118492,39,133,79,58,20
5122891,39,133,79,58,20
5127314,39,133,79,58,20
5131844,39,133,79,58,20
5136155,39,133,79,58,20
5140502,39,133,79,58,20
5144827,39,133,79,58,20
5149074,39,133,79,58,20
5153423,39,133,79,58,20
5157847,39,133,79,58,20
5162057,39,133,79,58,20
5166535,39,133,79,58,20
5170819,39,133,79,58,20
5175122,39,133,79,58,20
5179480,39,133,79,58,20
5183874,39,133,79,58,20
5188215,39,133,79,58,20
5192658,39,133,79,58,20
5197145,39,133,79,58,20
5201524,39,133,79,58,20
5206055,39,133,79,58,20
5210324,39,133,79,58,20
5214628,39,133,79,58,20
5218880,39,133,79,58,20
5223279,39,133,79,58,20
5227795,39,133,79,58,20
5232032,39,133,79,58,20
5236357,39,133,79,58,20
5240746,39,133,79,58,20
5244964,39,133,79,58,20
5249198,39,133,79,58,20
5253534,39,133,79,58,20
5257859,39,133,79,58,20
5262168,39,133,79,58,20
5266492,39,133,79,58,20
5270988,39,133,79,58,20
5275388,39,133,69,58,20
5280032,39,133,69,58,20
5284481,39,133,69,58,20
5289045,39,133,69,58,20
5293473,39,133,69,58,20
5297971,39,133,69,58,20
5302428,39,133,69,58,20
5306991,39,133,69,58,20
5311528,39,133,69,58,20
5315992,39,133,69,58,20
5320453,39,133,69,58,20
5325020,39,133,69,58,20
5329646,39,133,69,58,20
5333972,39,133,69,58,20
5338494,39,133,69,58,20
5343167,39,133,69,58,20
5347616,39,133,69,58,20
5352136,39,133,69,58,20
5356580,39,133,69,58,20
5361155,39,133,69,58,20
5365525,39,133,69,58,20
5369848,39,133,69,58,20
5374423,39,133,69,58,20
5378892,39,133,69,58,20
5383385,39,133,69,58,20
5387752,39,133,59,58,20
5392408,39,133,59,58,20
5397089,39,133,59,58,20
5401755,39,133,59,58,20
5406336,39,133,59,58,20
5410774,39,133,59,58,20
5415403,39,133,59,58,20
5419999,39,133,59,58,20
5424603,39,133,59,58,20
5429191,39,133,59,58,20
5433802,39,133,59,58,20
5438281,39,133,59,58,20
5442791,39,133,59,58,20
5447199,39,133,59,58,20
5451800,39,133,59,58,20
5456318,39,133,59,58,20
5460802,39,133,59,58,20
5465257,39,133,59,58,20
5469786,39,133,59,58,20
5474196,39,133,59,58,20
5478757,39,133,59,58,20
5483218,39,133,59,58,20
5487656,39,133,59,58,20
5492051,39,133,59,58,20
5496519,39,133,59,58,20
5500965,39,133,59,58,20
5505483,39,133,59,58,20
5509940,39,133,59,58,20
5514461,39,133,59,58,20
5518991,39,133,59,58,20
5523548,39,133,59,58,20
5527872,39,133,59,58,20
5532291,39,133,59,58,20
5536920,39,133,59,58,20
5541379,39,133,59,58,20
5545831,39,133,59,58,20
5550326,39,133,59,58,20
5554891,39,133,59,58,20
5559179,39,133,59,58,20
5563562,39,133,59,58,20
5568030,39,133,59,58,20
5572405,39,133,59,58,20
5576933,39,133,59,58,20
5581333,39,133,59,58,20
5585847,39,133,59,58,20
5590420,39,133,59,58,20
5594985,39,133,59,58,20
5599502,39,133,59,58,20
5604116,39,133,59,58,20
5608641,39,133,59,58,20
5613210,39,133,59,58,20
5617596,39,133,59,58,20
5622086,39,133,59,58,20
5626578,39,133,59,58,20
5631161,39,133,59,58,20
5635708,39,133,59,58,20
5640276,39,133,59,58,20
5644747,39,133,59,58,20
5649220,39,133,59,58,20
5653562,39,133,59,58,20
5658120,39,133,59,58,20
5662652,39,133,59,58,20
5667113,39,133,59,58,20
5671627,39,133,59,58,20
5676197,39,133,59,58,20
5680620,39,133,59,58,20
5685035,39,133,59,58,20
5689469,39,133,59,58,20
5693934,39,133,59,58,20
5698460,39,133,59,58,20
5702898,39,133,59,58,20
5707368,39,133,59,58,20
5711850,39,133,59,58,20
5716440,39,133,59,58,20
5721124,39,133,59,58,20
5725688,39,133,59,58,20
5730060,39,133,59,58,20
5734647,39,133,59,58,20
5739202,39,133,59,58,20
5743829,39,133,59,58,20
5748450,39,133,59,58,20
5753021,39,133,59,58,20
5757511,39,133,59,58,20
5762046,39,133,59,58,20
5766579,39,133,59,58,20
5771108,39,133,59,58,20
5775694,39,133,59,58,20
5780108,39,133,59,58,20
5784766,39,133,59,58,20
5789326,39,133,59,58,20
5793872,39,133,59,58,20
5798376,39,133,59,58,20
5802943,39,133,59,58,20
5807581,39,133,59,58,20
5812059,39,133,59,58,20
5816448,39,133,59,58,20
5820801,39,133,59,58,20
5825315,39,133,59,58,20
5829800,39,133,59,58,20
5834194,39,133,49,58,10
5838818,39,133,49,58,10
5843359,39,133,49,58,10
5848044,39,133,49,58,10
5852721,39,133,49,58,10
5857423,39,133,49,58,10
5862118,39,133,49,58,10
5866677,39,133,49,58,10
5871118,39,133,49,58,10
5875830,39,133,49,58,10
5880382,39,133,49,58,10
5884830,39,133,49,58,10
5889550,39,133,49,58,10
5894112,39,133,49,58,10
5898808,39,133,49,58,10
5903245,39,133,49,58,10
5907791,39,133,49,58,10
5912420,39,133,49,58,10
5917100,39,133,49,58,10
5921845,39,133,49,58,10
5926538,39,133,49,58,10
5931013,39,133,49,58,10
5935777,39,133,49,58,10
5940207,39,133,49,58,10
5944867,39,133,49,58,10
5949345,39,133,49,58,10
5953994,39,133,49,58,10
5958673,39,133,49,58,10
5963398,39,133,49,58,10
5967841,39,133,49,58,10
5972471,39,133,49,58,10
5977200,39,133,49,58,10
5981878,39,133,49,58,10
5986539,39,133,49,58,10
5991231,39,133,49,58,10
5995688,39,133,49,58,10
6000311,39,133,49,58,10
6004813,39,133,49,58,10
6009409,39,133,49,58,10
6014081,39,133,49,58,10
6018710,39,133,49,58,10
6023376,39,133,49,58,10
6028054,39,133,49,58,10
6032511,39,133,49,58,10
6037119,39,133,49,58,10
6041626,39,133,49,58,10
6046314,39,133,49,58,10
6050908,39,133,49,58,10
6055446,39,133,49,58,10
6060028,39,133,49,58,10
6064618,39,133,49,58,10
6069285,39,133,49,58,10
6073781,39,133,49,58,10
6078319,39,133,49,58,10
6082838,39,133,49,58,10
6087381,39,133,49,58,10
6092097,39,133,49,58,10
6096902,39,133,49,58,10
6101510,39,133,49,58,10
6106160,39,133,49,58,10
6110904,39,133,49,58,10
6115680,39,133,49,58,10
6120113,39,133,49,58,10
6124644,39,133,49,58,10
6129113,39,133,49,58,10
6133642,39,133,49,58,10
6138176,39,133,49,58,10
6142841,39,133,49,58,10
6147518,39,133,49,58,10
6151891,39,133,49,58,10
6156589,39,133,49,58,10
6161363,39,133,49,58,10
6165932,39,133,49,58,10
6170482,39,133,49,58,10
6175096,39,133,49,58,10
6179757,39,133,49,58,10
6184506,39,133,49,58,10
6189149,39,133,49,58,10
6193852,39,133,49,58,10
6198398,39,133,49,58,10
6202981,39,133,49,58,10
6207746,39,133,49,58,10
6212427,39,133,49,58,10
6216950,39,133,49,58,10
6221513,39,133,49,58,10
6226212,39,133,49,58,10
6230775,39,133,49,58,10
6235313,39,133,49,58,10
6240040,39,133,49,58,10
6244632,39,133,49,58,10
6249208,39,133,49,58,10
6253681,39,133,49,58,10
6258253,39,133,49,58,10
6262774,39,133,49,58,10
6267511,39,133,49,58,10
6271874,39,133,49,58,10
6276352,39,133,49,58,10
6280873,39,133,49,58,10
6285499,39,133,49,58,10
6289950,39,133,49,58,10
6294449,39,133,49,58,10
6298959,39,133,49,58,10
6303727,39,133,49,58,10
6308269,39,133,49,58,10
6312843,39,133,49,58,10
6317497,39,133,49,58,10
6321995,39,133,49,58,10
6326598,39,133,49,58,10
6331238,39,133,49,58,10
6335786,39,133,49,58,10
6340354,29,133,49,58,10
6345000,29,133,49,58,10
6349758,29,133,49,58,10
6354438,29,133,49,58,10
6359234,29,133,49,58,10
6363854,29,133,49,58,10
6368732,29,133,49,58,10
6373344,29,133,49,58,10
6378036,29,133,49,58,10
6382534,19,133,49,58,10
6387184,19,133,49,58,10
6392038,19,133,49,58,10
6396731,19,133,49,58,10
6401388,19,133,49,58,10
6406135,19,133,49,58,10
6410909,19,133,49,58,10
6415554,19,133,49,58,10
6420155,19,133,49,58,10
6424911,19,133,49,58,10
6429734,19,133,49,58,10
6434305,19,133,49,58,10
6439026,19,133,49,58,10
6443769,19,133,49,58,10
6448413,19,133,49,58,10
6452978,19,133,49,58,10
6457546,19,133,49,58,10
6462215,19,133,49,58,10
6466759,19,133,49,58,10
6471441,19,133,49,48,10
6476199,19,133,39,48,10
6480929,19,133,39,48,10
6485814,19,133,39,48,10
6490795,19,133,39,48,10
6495597,19,133,39,48,10
6500369,19,133,39,48,10
6505124,19,133,39,48,10
6509877,19,133,39,48,10
6514681,19,133,39,48,10
6519476,19,133,39,48,10
6524261,19,133,39,48,10
6529165,19,133,39,48,10
6534232,19,133,39,48,10
6539062,19,133,39,48,10
6543714,19,133,39,48,10
6548603,19,133,39,48,10
6553730,19,133,39,48,10
6558680,19,133,39,48,10
6563588,19,133,39,48,10
6568368,19,133,39,48,10
6573190,19,133,39,48,10
6578098,19,133,39,48,10
6582918,19,133,39,48,10
6587715,19,133,39,48,10
6592443,19,133,39,48,10
6597484,19,133,39,48,10
6602546,19,133,39,48,10
6607493,19,133,39,48,10
6612363,19,133,39,48,10
6617235,19,133,39,48,10
6622188,19,133,39,48,10
6627156,19,133,39,48,10
6631810,19,133,39,48,10
6636687,19,133,39,48,10
6641477,19,133,39,48,10
6646303,19,133,39,48,10
6650970,19,133,39,48,10
6655940,19,133,39,48,10
6660966,19,133,39,48,10
6665889,19,133,39,48,10
6670754,19,133,39,48,10
6675717,19,133,39,48,10
6680721,19,133,39,48,10
6685378,19,133,39,48,10
6690099,19,133,39,48,10
6695175,19,133,39,48,10
6700043,19,133,39,48,10
6704889,19,133,39,48,10
6709747,19,133,39,48,10
6714812,19,133,39,48,10
6719628,19,133,39,48,10
6724461,19,133,39,48,10
6729099,19,133,39,48,10
6733977,19,133,39,48,10
6738694,19,133,39,48,10
6743451,19,133,39,48,10
6748225,19,133,39,48,10
6753026,19,133,39,48,10
6757851,19,133,39,48,10
6762773,19,133,39,48,10
6767694,19,133,39,48,10
6772555,19,133,39,48,10
6777334,19,133,39,48,10
6782150,19,133,39,48,10
6787245,19,133,39,48,10
6792019,19,133,39,48,10
6796953,19,133,39,48,10
6801813,19,133,39,48,10
6806597,19,133,39,48,10
6811461,19,133,39,48,10
6816288,19,133,39,48,10
6821116,19,133,39,48,10
6826087,19,133,39,48,10
6831113,19,133,39,48,10
6835993,19,133,39,48,10
6840932,19,133,39,48,10
6845761,19,133,39,48,10
6850513,19,133,39,48,10
6855333,19,133,39,48,10
6860009,19,133,39,48,10
6864915,19,133,39,48,10
6869781,19,133,39,48,10
6874747,19,133,39,48,10
6879672,19,133,39,48,10
6884595,19,133,39,48,10
6889425,19,133,39,48,10
6894255,19,133,39,48,10
6899006,19,133,39,48,10
6903965,19,133,39,48,10
6908908,19,133,39,48,10
6913719,19,133,39,48,10
6918476,19,133,39,48,10
6923562,19,133,39,48,10
6928353,19,133,39,48,10
6933320,19,133,39,48,10
6938277,19,133,39,48,10
6943230,19,133,39,48,10
6947962,19,133,39,48,10
6952953,19,133,39,48,10
6957903,19,133,39,48,10
6962694,19,133,39,48,10
6967602,19,133,39,48,10
6972308,19,133,39,48,10
6977216,19,133,39,48,10
6981886,19,133,39,48,10
6986788,19,133,39,48,10
6991456,19,133,39,48,10
6996342,19,133,39,48,10
7001193,19,133,39,48,10
7006153,19,133,39,48,10
7010950,19,133,39,48,10
7015744,19,133,39,48,10
7020645,19,133,39,48,10
7025711,19,133,39,48,10
7030571,19,133,39,48,10
7035469,19,133,39,48,10
7040240,19,133,39,48,10
7045158,19,133,39,48,10
7050070,19,133,39,48,10
7054731,19,133,39,48,10
7059571,19,133,39,48,10
7064479,19,133,39,48,10
7069373,19,133,39,48,10
7074276,19,133,39,48,10
7079092,19,133,39,48,10
7083788,19,133,39,48,10
7088772,19,133,39,48,10
7093781,19,133,39,48,10
7098775,19,133,39,48,10
7103712,19,133,39,48,10
7108639,19,133,39,48,10
7113358,19,133,39,48,10
7117992,19,133,39,48,10
7122859,19,133,39,48,10
7127664,19,133,39,48,10
7132513,19,133,39,48,10
7137516,19,133,39,48,10
7142408,19,133,39,48,10
7147361,19,133,39,48,10
7152150,19,133,39,48,10
7157000,19,133,39,48,10
7161909,19,133,39,48,10
7166942,19,133,39,48,10
7171660,19,133,39,48,10
7176364,19,133,39,48,10
7181065,19,133,39,48,10
7185854,19,133,39,48,10
7190840,19,133,39,48,10
7195685,19,133,39,48,10
7200673,19,133,39,48,10
7205708,19,133,39,48,10
7210475,19,133,39,48,10
7215281,19,133,39,48,10
7220114,19,133,39,48,10
7224971,19,133,39,48,10
7229734,19,133,39,48,10
7234583,19,133,39,48,10
7239500,19,133,39,48,10
7244366,19,133,39,48,10
7249384,19,133,39,48,10
7254408,19,133,39,48,10
7258991,19,133,39,48,10
7264043,19,133,39,48,10
7268943,19,133,39,48,10
7273873,19,133,39,48,10
7278793,19,133,39,48,10
7283683,19,133,39,48,10
7288505,19,133,39,48,10
7293263,19,133,39,48,10
7298080,19,133,39,48,10
7302906,19,133,39,48,10
7307999,19,133,39,48,10
7312971,19,133,39,48,10
7318025,19,133,39,48,10
7322834,19,133,39,48,10
7327526,19,133,39,48,10
7332452,19,133,39,48,10
7337295,19,133,39,48,10
7342161,19,133,39,48,10
7347052,19,133,39,48,10
7351801,19,133,39,48,10
7356697,19,133,39,48,10
7361490,19,133,39,48,10
7366498,19,133,39,48,10
7371258,19,133,39,48,10
7376080,19,133,39,48,10
7380766,19,133,39,48,10
7385709,19,133,39,48,10
7390600,19,133,39,48,10
7395413,19,133,39,48,10
7400263,19,133,39,48,10
7405222,19,133,39,38,10
7410276,19,133,29,38,10
7415263,19,133,29,38,10
7420143,19,133,29,38,10
7425038,19,133,29,38,10
7429701,19,133,29,38,0
7434418,19,133,29,38,0
7439293,19,133,29,38,0
7443922,19,133,29,38,0
7448756,19,133,29,38,0
7453342,19,133,29,38,0
7457769,19,133,29,38,0
7462386,19,133,29,38,0
7467043,19,133,29,38,0
7471688,19,133,29,38,0
7476262,19,133,29,38,0
7480782,19,133,29,38,0
7485353,19,133,29,38,0
7490092,19,133,29,38,0
7494570,19,133,29,38,0
7498972,19,133,29,38,0
7503566,19,133,29,38,0
7508089,19,133,29,38,0
7512567,19,133,29,38,0
7517151,19,133,29,38,0
7521781,19,133,29,38,0
7526697,19,133,29,38,0
7531319,19,133,29,38,0
7535979,19,133,29,38,0
7540549,19,133,29,38,0
7545117,19,133,29,38,0
7549535,19,133,29,38,0
7554301,19,133,29,38,0
7558873,19,133,29,28,0
7563654,19,133,29,28,0
7568445,19,133,29,28,0
7573238,19,133,29,28,0
7577995,19,133,29,28,0
7582776,19,133,29,18,0
7587411,19,133,29,18,0
7592072,19,133,29,18,0
7596933,19,133,29,18,0
7601427,19,133,29,18,0
7606217,19,133,29,18,0
7611015,19,133,29,18,0
7615723,19,133,29,18,0
7620278,19,133,29,18,0
7624614,19,133,29,18,0
7629033,19,133,29,18,0
7633547,19,133,29,18,0
7637991,19,133,29,18,0
7642513,19,133,29,18,0
7647006,19,133,29,18,0
7651435,19,133,29,18,0
7655908,19,133,29,18,0
7660189,19,133,29,18,0
7664564,19,133,29,18,0
7669077,19,133,29,18,0
7673580,19,133,29,18,0
7677910,19,133,29,18,0
7682268,19,133,29,18,0
7686728,19,133,29,18,0
7691116,19,133,29,18,0
7695477,19,133,29,18,0
7699929,19,133,29,18,0
7704319,19,133,29,18,0
7708780,19,133,29,18,0
7713407,19,133,29,18,0
7717802,19,133,29,18,0
7722163,19,133,29,18,0
7726505,19,133,29,18,0
7731026,19,133,29,18,0
7735568,19,133,29,18,0
7740123,19,133,29,18,0
7744683,19,133,29,18,0
7749268,19,133,29,18,0
7753572,19,133,29,18,0
7758004,19,133,29,18,0
7762412,19,133,29,18,0
7766859,19,133,29,18,0
7771227,19,133,29,18,0
7775825,19,133,29,18,0
7780314,19,133,29,18,0
7784687,19,133,29,18,0
7789053,19,133,29,18,0
7793522,19,133,29,18,0
7797976,19,133,29,18,0
7802606,19,133,29,18,0
7807203,19,133,29,18,0
7811666,19,133,29,18,0
7815920,19,133,29,18,0
7820503,19,133,29,18,0
7824992,19,133,29,18,0
7829775,19,133,29,18,0
7834155,19,133,29,18,0
7838805,19,133,29,18,0
7843196,19,133,29,18,0
7847913,19,133,29,18,0
7852190,19,133,29,18,0
7856650,19,133,29,18,0
7861023,19,133,29,18,0
7865647,19,133,29,18,0
7870138,19,133,29,18,0
7874696,19,133,29,18,0
7879123,19,133,29,18,0
7883668,19,133,29,18,0
7888244,19,133,29,18,0
7892584,19,133,29,18,0
7897231,19,133,29,18,0
7901703,19,133,29,18,0
7906178,19,133,29,18,0
7910591,19,133,29,18,0
7915149,19,133,29,18,0
7919691,19,133,29,18,0
7924160,19,133,29,18,0
7928602,19,133,29,18,0
7933161,19,133,29,18,0
7937607,19,133,29,18,0
7942073,19,133,19,18,0
7946684,19,133,19,18,0
7951253,19,133,19,18,0
7955896,19,133,19,18,0
7960619,19,133,19,18,0
7965103,19,133,19,18,0
7969637,19,133,19,18,0
7974292,19,133,19,18,0
7978918,19,133,19,18,0
7983584,19,133,19,18,0
7988114,19,133,19,18,0
7992515,19,133,19,18,0
7997049,19,133,19,18,0
8001536,19,133,19,18,0
8006235,19,133,19,18,0
8010823,19,133,19,18,0
8015560,19,133,19,18,0
8019921,19,133,19,18,0
8024477,19,133,19,18,0
8028796,19,133,19,18,0
8033413,19,133,19,18,0
8037764,19,133,19,18,0
8042204,19,133,19,18,0
8046591,19,133,19,18,0
8051074,19,133,19,18,0
8055551,19,133,19,8,0
8060275,19,133,19,8,0
8064741,19,133,19,8,0
8069103,19,133,19,8,0
8073643,19,133,19,8,0
8078362,19,133,19,0,0
8082900,19,133,19,0,0
8087381,19,133,19,0,0
8091918,19,133,19,0,0
8096510,19,133,19,0,0
8101143,19,133,19,0,0
8105694,19,133,19,0,0
8110249,19,133,19,0,0
8114802,19,133,19,0,0
8119273,19,133,19,0,0
8123984,19,133,19,0,0
8128662,19,133,19,0,0
8133316,19,133,19,0,0
8138136,19,133,19,0,0
8142743,19,133,19,0,0
8147224,19,133,19,0,0
8151742,19,133,19,0,0
8156274,19,133,19,0,0
8160952,19,133,19,0,0
8165334,19,133,19,0,0
8169666,19,133,19,0,0
8174251,19,133,19,0,0
8178911,19,133,19,0,0
8183547,19,133,19,0,0
8188256,19,133,19,0,0
8192896,19,133,19,0,0
8197437,19,133,19,0,0
8202161,19,133,19,0,0
8206740,19,133,19,0,0
8211143,19,133,19,0,0
8215738,19,133,19,0,0
8220380,19,133,19,0,0
8224972,19,133,9,0,0
8229580,19,133,9,0,0
8234251,19,133,9,0,0
8238650,19,133,9,0,0
8243209,19,133,9,0,0
8247805,19,133,0,0,0
8252389,19,133,0,0,0
8257116,19,133,0,0,0
8261756,19,123,0,0,0
8266409,19,123,0,0,0
8271080,19,123,0,0,0
8275680,19,123,0,0,0
8280400,19,123,0,0,0
8285055,19,113,0,0,0
8289692,19,113,0,0,0
8294340,19,113,0,0,0
8299053,19,103,0,0,0
8303824,19,103,0,0,0
8308649,19,103,0,0,0
8313429,19,103,0,0,0
8318153,19,103,0,0,0
8322904,19,93,0,0,0
8327606,19,93,0,0,0
8332380,19,93,0,0,0
8337165,19,93,0,0,0
8341920,19,93,0,0,0
8346680,19,93,0,0,0
8351675,19,83,0,0,0
8356573,19,83,0,0,0
8361434,19,83,0,0,0
8366199,19,83,0,0,0
8370961,19,73,0,0,0
8375691,19,73,0,0,0
8380327,19,73,0,0,0
8384899,19,63,0,0,0
8389517,19,63,0,0,0
8394355,19,63,0,0,0
8399042,19,63,0,0,0
8403784,19,63,0,0,0
8408555,19,63,0,0,0
8413191,19,63,0,0,0
8417897,19,53,0,0,0
8422719,19,53,0,0,0
8427459,19,53,0,0,0
8432179,19,53,0,0,0
8436871,19,53,0,0,0
8441511,19,53,0,0,0
8446295,19,43,0,0,0
8451065,19,43,0,0,0
8455718,19,43,0,0,0
8460441,19,43,0,0,0
8465246,19,43,0,0,0
8469986,19,43,0,0,0
8474747,19,43,0,0,0
8479421,19,43,0,0,0
8484250,19,43,0,0,0
8488950,19,43,0,0,0
8493718,19,43,0,0,0
8498482,19,43,0,0,0
8503226,19,43,0,0,0
8508132,19,33,0,0,0
8512939,19,33,0,0,0
8517705,19,33,0,0,0
8522612,19,33,0,0,0
8527435,19,33,0,0,0
8532236,19,33,0,0,0
8536978,19,33,0,0,0
8541839,19,23,0,0,0
8546832,19,23,0,0,0
8551705,19,23,0,0,0
8556468,19,23,0,0,0
8561348,19,23,0,0,0
8566215,19,13,0,0,0
8570855,19,13,0,0,0
8575636,19,13,0,0,0
8580244,19,13,0,0,0
8584913,19,3,0,0,0
8589564,19,3,0,0,0
8594207,19,3,0,0,0
8599053,19,3,0,0,0
8603742,19,3,0,0,0
8608515,19,3,0,0,0
8613274,19,3,0,0,0
8617967,19,3,0,0,0
8622660,19,3,0,0,0
8627326,19,3,0,0,0
8631994,19,3,0,0,0
8636656,19,3,0,0,0
8641286,19,3,0,0,0
8646246,19,3,0,0,0
8650943,19,3,0,0,0
8655649,19,3,0,0,0
8660293,19,3,0,0,0
8664999,19,3,0,0,0
8669868,19,3,0,0,0
8674598,19,3,0,0,0
8679263,19,3,0,0,0
8683956,19,3,0,0,0
8688622,19,3,0,0,0
8693418,19,3,0,0,0
8698508,19,3,0,0,0
8703255,19,3,0,0,0
8708065,19,3,0,0,0
8712855,19,3,0,0,0
8717614,19,3,0,0,0
8722556,19,3,0,0,0
8727419,19,3,0,0,0
8732272,19,3,0,0,0
8736992,19,3,0,0,0
8741669,19,3,0,0,0
8746360,19,3,0,0,0
8751149,19,3,0,0,0
8756294,19,3,0,0,0
8761109,19,3,0,0,0
8765759,19,3,0,0,0
8770474,19,3,0,0,0
8775174,19,3,0,0,0
8779942,19,3,0,0,0
8784645,19,3,0,0,0
8789381,19,3,0,0,0
8794410,19,3,0,0,0
8799149,19,3,0,0,0
8804062,19,3,0,0,0
8809112,19,3,0,0,0
8813883,19,3,0,0,0
8818613,19,3,0,0,0
8823341,19,3,0,0,0
8828072,19,3,0,0,0
8832902,19,3,0,0,0
8837686,19,3,0,0,0
8842514,19,3,0,0,0
8847220,19,3,0,0,0
8851997,19,3,0,0,0
8856747,19,3,0,0,0
8861623,19,3,0,0,0
8866359,19,3,0,0,0
8871120,19,3,0,0,0
8875841,19,3,0,0,0
8880735,19,3,0,0,0
8885470,19,3,0,0,0
8890153,19,3,0,0,0
8894826,19,3,0,0,0
8899549,19,3,0,0,0
8904252,19,3,0,0,0
8908946,19,3,0,0,0
8913644,19,3,0,0,0
8918393,19,3,0,0,0
8923113,19,3,0,0,0
8927829,19,3,0,0,0
8932447,19,3,0,0,0
8937143,19,3,0,0,0
8941837,19,3,0,0,0
8946462,19,3,0,0,0
8951088,19,3,0,0,0
8955674,19,3,0,0,0
8960302,19,3,0,0,0
8964934,19,3,0,0,0
8969670,19,3,0,0,0
8974281,19,3,0,0,0
8978932,19,3,0,0,0
8983620,19,3,0,0,0
8988322,19,3,0,0,0
8992957,19,3,0,0,0
8997634,19,0,0,0,0
9002490,19,0,0,0,0
9007146,19,0,0,0,0
9011835,19,0,0,0,0
9016494,19,0,0,0,0
9021148,19,0,0,0,0
9025859,19,0,0,0,0
9030477,19,0,0,0,0
9035673,19,0,0,0,0
9040433,19,0,0,0,0
9045157,19,0,0,0,0
9049865,19,0,0,0,0
9054546,19,0,0,0,0
9059170,19,0,0,0,0
9063786,19,0,0,0,0
9068430,19,0,0,0,0
9073102,19,0,0,0,0
9077733,19,0,0,0,0
9082348,19,0,0,0,0
9086943,19,0,0,0,0
9091571,19,0,0,0,0
9096207,19,0,0,0,0
9100788,19,0,0,0,0
9105406,19,0,0,0,0
9110108,19,0,0,0,0
9114694,19,0,0,0,0
9119325,19,0,0,0,0
9123956,19,0,0,0,0
9128604,19,0,0,0,0
9133196,19,0,0,0,0
9137787,19,0,0,0,0
9142385,19,0,0,0,0
9147060,19,0,0,0,0
9151753,19,0,0,0,0
9156400,19,0,0,0,0
9161083,19,0,0,0,0
9165723,19,0,0,0,0
9170434,19,0,0,0,0
9175077,19,0,0,0,0
9179665,19,0,0,0,0
9184261,19,0,0,0,0
9188885,19,0,0,0,0
9193509,19,0,0,0,0
9198166,19,0,0,0,0
9202800,19,0,0,0,0
9207437,19,0,0,0,0
9212099,19,0,0,0,0
9216738,19,0,0,0,0
9221369,19,0,0,0,0
9225983,19,0,0,0,0
9230620,19,0,0,0,0
9235215,19,0,0,0,0
9239825,19,0,0,0,0
9244414,19,0,0,0,0
9249025,19,0,0,0,0
9253624,19,0,0,0,0
9258255,19,0,0,0,0
9262916,19,0,0,0,0
9267522,19,0,0,0,0
9272143,19,0,0,0,0
9276760,19,0,0,0,0
9281402,19,0,0,0,0
9286018,19,0,0,0,0
9290650,19,0,0,0,0
9295230,19,0,0,0,0
9299831,19,0,0,0,0
9304511,19,0,0,0,0
9309248,19,0,0,0,0
9313975,19,0,0,0,0
9318688,19,0,0,0,0
9323504,19,0,0,0,0
9328209,19,0,0,0,0
9332940,19,0,0,0,0
9337632,19,0,0,0,0
9342291,19,0,0,0,0
9347168,19,0,0,0,0
9351860,19,0,0,0,0
9356547,19,0,0,0,0
9361246,19,0,0,0,0
9366167,19,0,0,0,0
9370964,19,0,0,0,0
9375675,19,0,0,0,0
9380677,19,0,0,0,0
9385417,19,0,0,0,0
9390434,19,0,0,0,0
9395132,19,0,0,0,0
9399830,19,0,0,0,0
9404702,19,0,0,0,0
9409488,19,0,0,0,0
9414248,19,0,0,0,0
9418949,19,0,0,0,0
9423689,19,0,0,0,0
9428475,19,0,0,0,0
9433162,19,0,0,0,0
9437858,19,0,0,0,0
9442528,19,0,0,0,0
9447274,19,0,0,0,0
9451973,19,0,0,0,0
9456643,19,0,0,0,0
9461292,19,0,0,0,0
9465905,19,0,0,0,0
9470507,19,0,0,0,0
9475096,19,0,0,0,0
9479907,19,0,0,0,0
9484590,19,0,0,0,0
9489216,19,0,0,0,0
9493827,19,0,0,0,0
9498405,19,0,0,0,0
9503062,19,0,0,0,0
9507669,19,0,0,0,0
9512246,19,0,0,0,0
9516811,19,0,0,0,0
9521373,19,0,0,0,0
9525985,19,0,0,0,0
9530622,19,0,0,0,0
9535263,19,0,0,0,0
9539842,19,0,0,0,0
9544406,19,0,0,0,0
9549477,19,0,0,0,0
9554054,19,0,0,0,0
9558606,19,0,0,0,0
9563154,19,0,0,0,0
9567718,19,0,0,0,0
9572303,19,0,0,0,0
9576873,19,0,0,0,0
9581435,19,0,0,0,0
9586055,19,0,0,0,0
9590623,19,0,0,0,0
9595232,19,0,0,0,0
9599920,19,0,0,0,0
9604557,19,0,0,0,0
9609275,19,0,0,0,0
9613877,19,0,0,0,0
9618634,19,0,0,0,0
9623253,19,0,0,0,0
9627880,19,0,0,0,0
9632496,19,0,0,0,0
9637082,19,0,0,0,0
9641651,19,0,0,0,0
9646337,19,0,0,0,0
9650982,19,0,0,0,0
9655628,19,0,0,0,0
9660232,19,0,0,0,0
9664805,19,0,0,0,0
9669413,19,0,0,0,0
9674042,19,0,0,0,0
9678649,19,0,0,0,0
9683290,19,0,0,0,0
9687892,19,0,0,0,0
9692508,19,0,0,0,0
9697084,19,0,0,0,0
9701742,19,0,0,0,0
9706348,19,0,0,0,0
9711323,19,0,0,0,0
9715927,19,0,0,0,0
9720742,19,0,0,0,0
9725915,19,0,0,0,0
9730659,19,0,0,0,0
9735301,19,0,0,0,0
9739920,19,0,0,0,0
9744534,19,0,0,0,0
9749178,19,0,0,0,0
9753799,19,0,0,0,0
9758364,19,0,0,0,0
9762914,19,0,0,0,0
9767482,19,0,0,0,0
9772104,19,0,0,0,0
9776680,19,0,0,0,0
9781265,19,0,0,0,0
9785939,19,0,0,0,0
9790579,19,0,0,0,0
9795246,19,0,0,0,0
9799880,19,0,0,0,0
9804546,19,0,0,0,0
9809150,19,0,0,0,0
9813844,19,0,0,0,0
9818950,19,0,0,0,0
9823582,19,0,0,0,0
9828140,19,0,0,0,0
9832754,19,0,0,0,0
9837424,19,0,0,0,0
9842636,19,0,0,0,0
9847621,19,0,0,0,0
9852307,19,0,0,0,0
9856937,19,0,0,0,0
9861517,19,0,0,0,0
9866180,19,0,0,0,0
9870853,19,0,0,0,0
9875449,19,0,0,0,0
9880033,19,0,0,0,0
9884652,19,0,0,0,0
9889284,19,0,0,0,0
9893898,19,0,0,0,0
9898537,19,0,0,0,0
9903161,19,0,0,0,0
9907738,19,0,0,0,0
9912287,19,0,0,0,0
9917160,19,0,0,0,0
9921794,19,0,0,0,0
9926436,19,0,0,0,0
9931046,19,0,0,0,0
9935637,19,0,0,0,0
9940231,19,0,0,0,0
9944910,19,0,0,0,0
9949577,19,0,0,0,0
9954296,19,0,0,0,0
9958933,19,0,0,0,0
9963546,19,0,0,0,0
9968204,19,0,0,0,0
9972946,19,0,0,0,0
9977542,19,0,0,0,0
9982229,19,0,0,0,0
9986881,19,0,0,0,0
9991462,19,0,0,0,0
9996063,19,0,0,0,0
10000784,19,0,0,0,0
10005360,19,0,0,0,0
10009931,19,0,0,0,0
10014561,19,0,0,0,0
10019146,19,0,0,0,0
10023781,19,0,0,0,0
10028362,19,0,0,0,0
10032897,19,0,0,0,0
10037516,19,0,0,0,0
10042127,19,0,0,0,0
10047231,19,0,0,0,0
10051910,19,0,0,0,0
10056565,19,0,0,0,0
10061226,19,0,0,0,0
10065864,19,0,0,0,0
10070489,19,0,0,0,0
10075106,19,0,0,0,0
10079780,19,0,0,0,0
10084441,19,0,0,0,0
10089091,19,0,0,0,0
10093729,19,0,0,0,0
10098343,19,0,0,0,0
10102945,19,0,0,0,0
10107545,19,0,0,0,0
10112174,19,0,0,0,0
10116778,19,0,0,0,0
10121406,19,0,0,0,0
10126000,19,0,0,0,0
10130581,19,0,0,0,0
10135170,19,0,0,0,0
10139757,19,0,0,0,0
10144357,19,0,0,0,0
10148926,19,0,0,0,0
10153497,19,0,0,0,0
10158025,19,0,0,0,0
10162558,19,0,0,0,0
10167096,19,0,0,0,0
10171657,19,0,0,0,0
10176260,19,0,0,0,0
10180834,19,0,0,0,0
10185389,19,0,0,0,0
10189945,19,0,0,0,0
10194715,19,0,0,0,0
10199300,19,0,0,0,0
10203890,19,0,0,0,0
10208465,19,0,0,0,0
10213063,19,0,0,0,0
10217660,19,0,0,0,0
10222214,19,0,0,0,0
10226834,19,0,0,0,0
10231498,19,0,0,0,0
10236216,19,0,0,0,0
10240890,19,0,0,0,0
10245522,19,0,0,0,0
10250168,19,0,0,0,0
10254847,19,0,0,0,0
10259463,19,0,0,0,0
10264033,19,0,0,0,0
10268638,19,0,0,0,0
10273294,19,0,0,0,0
10277904,19,0,0,0,0
10282506,19,0,0,0,0
10287101,19,0,0,0,0
10291691,19,0,0,0,0
10296302,19,0,0,0,0
10300897,19,0,0,0,0
10305470,19,0,0,0,0
10310085,19,0,0,0,0
10314749,19,0,0,0,0
10319861,19,0,0,0,0
10324509,19,0,0,0,0
10329139,19,0,0,0,0
10334203,19,0,0,0,0
10338950,19,0,0,0,0
10343575,19,0,0,0,0
10348214,19,0,0,0,0
10352888,19,0,0,0,0
10357542,19,0,0,0,0
10362184,19,0,0,0,0
10366878,19,0,0,0,0
10371540,19,0,0,0,0
10376194,19,0,0,0,0
10380801,19,0,0,0,0
10385427,19,0,0,0,0
10390037,19,0,0,0,0
10394655,19,0,0,0,0
10399663,19,0,0,0,0
10404361,19,0,0,0,0
10409101,19,0,0,0,0
10413796,19,0,0,0,0
10418442,19,0,0,0,0
10423160,19,0,0,0,0
10427851,19,0,0,0,0
10432567,19,0,0,0,0
10437863,19,0,0,0,0
10442584,19,0,0,0,0
10447363,19,0,0,0,0
10452118,19,0,0,0,0
10456893,19,0,0,0,0
10462178,19,0,0,0,0
10467012,19,0,0,0,0
10472198,19,0,0,0,0
10476961,19,0,0,0,0
10481687,19,0,0,0,0
10486948,19,0,0,0,0
10491730,19,0,0,0,0
10496630,19,0,0,0,0
10501877,19,0,0,0,0
10506714,19,0,0,0,0
10511515,19,0,0,0,0
10516272,19,0,0,0,0
10521035,19,0,0,0,0
10525852,19,0,0,0,0
10530681,19,0,0,0,0
10535477,19,0,0,0,0
10540329,19,0,0,0,0
10545164,19,0,0,0,0
10549919,19,0,0,0,0
10554551,19,0,0,0,0
10559200,19,0,0,0,0
10563809,19,0,0,0,0
10568420,19,0,0,0,0
10573136,19,0,0,0,0
10577845,19,0,0,0,0
10582595,19,0,0,0,0
10587197,19,0,0,0,0
10591890,19,0,0,0,0
10596665,19,0,0,0,0
10601329,19,0,0,0,0
10606035,19,0,0,0,0
10610686,19,0,0,0,0
10615321,19,0,0,0,0
10619976,19,0,0,0,0
10624588,19,0,0,0,0
10629275,19,0,0,0,0
10634020,19,0,0,0,0
10638699,19,0,0,0,0
10643303,19,0,0,0,0
10647972,19,0,0,0,0
10652681,19,0,0,0,0
10657495,19,0,0,0,0
10662223,19,0,0,0,0
10666952,19,0,0,0,0
10671786,19,0,0,0,0
10676540,19,0,0,0,0
10681374,19,0,0,0,0
10686165,19,0,0,0,0
10691196,19,0,0,0,0
10695915,19,0,0,0,0
10700584,19,0,0,0,0
10705209,19,0,0,0,0
10709910,19,0,0,0,0
10714938,19,0,0,0,0
10719677,19,0,0,0,0
10724380,19,0,0,0,0
10729006,19,0,0,0,0
10733652,19,0,0,0,0
10738340,19,0,0,0,0
10743020,19,0,0,0,0
10747618,19,0,0,0,0
10752252,19,0,0,0,0
10756866,19,0,0,0,0
10761492,19,0,0,0,0
10766126,19,0,0,0,0
10771137,19,0,0,0,0
10775821,19,0,0,0,0
10780489,19,0,0,0,0
10785126,19,0,0,0,0
10789800,19,0,0,0,0
10794480,19,0,0,0,0
10799417,19,0,0,0,0
10804161,19,0,0,0,0
10808872,19,0,0,0,0
10813579,19,0,0,0,0
10818709,19,0,0,0,0
10823392,19,0,0,0,0
10828136,19,0,0,0,0
10832767,19,0,0,0,0
10838087,19,0,0,0,0
10842848,19,0,0,0,0
10847771,19,0,0,0,0
10852494,19,0,0,0,0
10857260,19,0,0,0,0
10862120,19,0,0,0,0
10867084,19,0,0,0,0
10871806,19,0,0,0,0
10876523,19,0,0,0,0
10881579,19,0,0,0,0
10886468,19,0,0,0,0
10891184,19,0,0,0,0
10895817,19,0,0,0,0
10900432,19,0,0,0,0
10905099,19,0,0,0,0
10910031,19,0,0,0,0
10914682,19,0,0,0,0
10919352,19,0,0,0,0
10923946,19,0,0,0,0
10928808,19,0,0,0,0
10933642,19,0,0,0,0
10938422,19,0,0,0,0
10943369,19,0,0,0,0
10948052,19,0,0,0,0
10952947,19,0,0,0,0
10957673,19,0,0,0,0
10962340,19,0,0,0,0
10967187,19,0,0,0,0
10971717,19,0,0,0,0
10976278,19,0,0,0,0
10980898,19,0,0,0,0
10985576,19,0,0,0,0
10990086,19,0,0,0,0
10994563,19,0,0,0,0
10999025,19,0,0,0,0
11003535,19,0,0,0,0
11007989,19,0,0,0,0
11012412,19,0,0,0,0
11016812,19,0,0,0,0
11021259,19,0,0,0,0
11025828,19,0,0,0,0
11030384,19,0,0,0,0
11034943,19,0,0,0,0
11039526,19,0,0,0,0
11044097,19,0,0,0,0
11049060,19,0,0,0,0
11053854,19,0,0,0,0
11058491,19,0,0,0,0
11063083,19,0,0,0,0
11067684,19,0,0,0,0
11072355,19,0,0,0,0
11076981,19,0,0,0,0
11081621,19,0,0,0,0
11086236,19,0,0,0,0
11090849,19,0,0,0,0
11095530,19,0,0,0,0
11100154,19,0,0,0,0
11104806,19,0,0,0,0
11109464,19,0,0,0,0
11114208,19,0,0,0,0
11118881,19,0,0,0,0
11123531,19,0,0,0,0
11128191,19,0,0,0,0
11132873,19,0,0,0,0
11137544,19,0,0,0,0
11142225,19,0,0,0,0
11146863,19,0,0,0,0
11151501,19,0,0,0,0
11156159,19,0,0,0,0
11160831,19,0,0,0,0
11165488,19,0,0,0,0
11170127,19,0,0,0,0
11174758,19,0,0,0,0
11179408,19,0,0,0,0
11184077,19,0,0,0,0
11188811,19,0,0,0,0
11193531,19,0,0,0,0
11198255,19,0,0,0,0
11203016,19,0,0,0,0
11207772,19,0,0,0,0
11212507,19,0,0,0,0
11217281,19,0,0,0,0
11222013,19,0,0,0,0
11226686,19,0,0,0,0
11231409,19,0,0,0,0
11236126,19,0,0,0,0
11240821,19,0,0,0,0
11245486,19,0,0,0,0
11250268,19,0,0,0,0
11255196,19,0,0,0,0
11259920,19,0,0,0,0
11264548,19,0,0,0,0
11269707,19,0,0,0,0
11274428,19,0,0,0,0
11279141,19,0,0,0,0
11283831,19,0,0,0,0
11288523,19,0,0,0,0
11293280,19,0,0,0,0
11297944,19,0,0,0,0
11302589,19,0,0,0,0
11307174,19,0,0,0,0
11311802,19,0,0,0,0
11316518,19,0,0,0,0
11321214,19,0,0,0,0
11325936,19,0,0,0,0
11330584,19,0,0,0,0
11335213,19,0,0,0,0
11339959,19,0,0,0,0
11344654,19,0,0,0,0
11349379,19,0,0,0,0
11354001,19,0,0,0,0
11358726,19,0,0,0,0
11363660,19,0,0,0,0
11368362,19,0,0,0,0
11373272,19,0,0,0,0
11377995,19,0,0,0,0
11382712,19,0,0,0,0
11387520,19,0,0,0,0
11392332,19,0,0,0,0
11397081,19,0,0,0,0
11401838,19,0,0,0,0
11406586,19,0,0,0,0
11411288,19,0,0,0,0
11415913,19,0,0,0,0
11420554,19,0,0,0,0
11425145,19,0,0,0,0
11429940,19,0,0,0,0
11434710,19,0,0,0,0
11439358,19,0,0,0,0
11444010,19,0,0,0,0
11449375,19,0,0,0,0
11454042,19,0,0,0,0
11458759,19,0,0,0,0
11464091,19,0,0,0,0
11468795,19,0,0,0,0
11473429,19,0,0,0,0
11478100,19,0,0,0,0
11482792,19,0,0,0,0
11487503,19,0,0,0,0
11492213,19,0,0,0,0
11496900,19,0,0,0,0
11501835,19,0,0,0,0
11506589,19,0,0,0,0
11511318,19,0,0,0,0
11515995,19,0,0,0,0
11520645,19,0,0,0,0
11525252,19,0,0,0,0
11530226,19,0,0,0,0
11535026,19,0,0,0,0
11539702,19,0,0,0,0
11544455,19,0,0,0,0
11549157,19,0,0,0,0
11553954,19,0,0,0,0
11558763,19,0,0,0,0
11563579,19,0,0,0,0
11568281,19,0,0,0,0
11573058,19,0,0,0,0
11577772,19,0,0,0,0
11582470,19,0,0,0,0
11587195,19,0,0,0,0
11591870,19,0,0,0,0
11596660,19,0,0,0,0
11601382,19,0,0,0,0
11606091,19,0,0,0,0
11610797,19,0,0,0,0
11615515,19,0,0,0,0
11620178,19,0,0,0,0
11624833,19,0,0,0,0
11629511,19,0,0,0,0
11634217,19,0,0,0,0
11638970,19,0,0,0,0
11643782,19,0,0,0,0
11648590,19,0,0,0,0
11653292,19,0,0,0,0
11658013,19,0,0,0,0
11662754,19,0,0,0,0
11667641,19,0,0,0,0
11672365,19,0,0,0,0
11677087,19,0,0,0,0
11681895,19,0,0,0,0
11686648,19,0,0,0,0
11691370,19,0,0,0,0
11696056,19,0,0,0,0
11700713,19,0,0,0,0
11705402,19,0,0,0,0
11710246,19,0,0,0,0
11714941,19,0,0,0,0
11719800,19,0,0,0,0
11724573,19,0,0,0,0
11729322,19,0,0,0,0
11734068,19,0,0,0,0
11738817,19,0,0,0,0
11743575,19,0,0,0,0
11748411,19,0,0,0,0
11753180,19,0,0,0,0
11757950,19,0,0,0,0
11762727,19,0,0,0,0
11767587,19,0,0,0,0
11772521,19,0,0,0,0
11777352,19,0,0,0,0
11782128,19,0,0,0,0
11786887,19,0,0,0,0
11791675,19,0,0,0,0
11796449,19,0,0,0,0
11801181,19,0,0,0,0
11805841,19,0,0,0,0
11810588,19,0,0,0,0
11815438,19,0,0,0,0
11820201,19,0,0,0,0
11824818,19,0,0,0,0
11829414,19,0,0,0,0
11834109,19,0,0,0,0
11838795,19,0,0,0,0
11843529,19,0,0,0,0
11848209,19,0,0,0,0
11852873,19,0,0,0,0
11857546,19,0,0,0,0
11862264,19,0,0,0,0
11866955,19,0,0,0,0
11871592,19,0,0,0,0
11876255,19,0,0,0,0
11881489,19,0,0,0,0
11886255,19,0,0,0,0
11890958,19,0,0,0,0
11895616,19,0,0,0,0
11900250,19,0,0,0,0
11904911,19,0,0,0,0
11909549,19,0,0,0,0
11914207,19,0,0,0,0
11918821,19,0,0,0,0
11923544,19,0,0,0,0
11928257,19,0,0,0,0
11932944,19,0,0,0,0
11937611,19,0,0,0,0
11942210,19,0,0,0,0
11946986,19,0,0,0,0
11951677,19,0,0,0,0
11956632,19,0,0,0,0
11961371,19,0,0,0,0
11966148,19,0,0,0,0
11970888,19,0,0,0,0
11975608,19,0,0,0,0
11980338,19,0,0,0,0
11985069,19,0,0,0,0
11989913,19,0,0,0,0
11994678,19,0,0,0,0
11999441,19,0,0,0,0
12004386,19,0,0,0,0
12009158,19,0,0,0,0
12014025,19,0,0,0,0
12019290,19,0,0,0,0
12024320,19,0,0,0,0
12029042,19,0,0,0,0
12033858,19,0,0,0,0
12038706,19,0,0,0,0
12043609,19,0,0,0,0
12048557,19,0,0,0,0
12053474,19,0,0,0,0
12058344,19,0,0,0,0
12063472,19,0,0,0,0
12068315,19,0,0,0,0
12073159,19,0,0,0,0
12077993,19,0,0,0,0
12082896,19,0,0,0,0
12087752,19,0,0,0,0
12092636,19,0,0,0,0
12097536,19,0,0,0,0
12102508,19,0,0,0,0
12107430,19,0,0,0,0
12112284,19,0,0,0,0
12117123,19,0,0,0,0
12122506,19,0,0,0,0
12127305,19,0,0,0,0
12132188,19,0,0,0,0
12136896,19,0,0,0,0
12141701,19,0,0,0,0
12146534,19,0,0,0,0
12151264,19,0,0,0,0
12155941,19,0,0,0,0
12160569,19,0,0,0,0
12165433,19,0,0,0,0
12170126,19,0,0,0,0
12174742,19,0,0,0,0
12179357,19,0,0,0,0
12184088,19,0,0,0,0
12188755,19,0,0,0,0
12193342,19,0,0,0,0
12197897,19,0,0,0,0
12202478,19,0,0,0,0
12207085,19,0,0,0,0
12211665,19,0,0,0,0
12216263,19,0,0,0,0
12220855,19,0,0,0,0
12225453,19,0,0,0,0
12230016,19,0,0,0,0
12234617,19,0,0,0,0
12239218,19,0,0,0,0
12243817,19,0,0,0,0
12248407,19,0,0,0,0
12252983,19,0,0,0,0
12257615,19,0,0,0,0
12262329,19,0,0,0,0
12266938,19,0,0,0,0
12271471,19,0,0,0,0
12276018,19,0,0,0,0
12281205,19,0,0,0,0
12285843,19,0,0,0,0
12290481,19,0,0,0,0
12295109,19,0,0,0,0
12299679,19,0,0,0,0
12304226,19,0,0,0,0
12308787,19,0,0,0,0
12313351,19,0,0,0,0
12317911,19,0,0,0,0
12322583,19,0,0,0,0
12327248,19,0,0,0,0
12331906,19,0,0,0,0
12336528,19,0,0,0,0
12341544,19,0,0,0,0
12346225,19,0,0,0,0
12350859,19,0,0,0,0
12355516,19,0,0,0,0
12360171,19,0,0,0,0
12364880,19,0,0,0,0
12369533,19,0,0,0,0
12374207,19,0,0,0,0
12378902,19,0,0,0,0
12383579,19,0,0,0,0
12388743,19,0,0,0,0
12393510,19,0,0,0,0
12398249,19,0,0,0,0
12402953,19,0,0,0,0
12407705,19,0,0,0,0
12412388,19,0,0,0,0
12417050,19,0,0,0,0
12421693,19,0,0,0,0
12426315,19,0,0,0,0
12431226,19,0,0,0,0
12436029,19,0,0,0,0
12440695,19,0,0,0,0
12445320,19,0,0,0,0
12450000,19,0,0,0,0
12454689,19,0,0,0,0
12459395,19,0,0,0,0
12464045,19,0,0,0,0
12468720,19,0,0,0,0
12473391,19,0,0,0,0
12478005,19,0,0,0,0
12482720,19,0,0,0,0
12487376,19,0,0,0,0
12492038,19,0,0,0,0
12496646,19,0,0,0,0
12501255,19,0,0,0,0
12506217,19,0,0,0,0
12510982,19,0,0,0,0
12515630,19,0,0,0,0
12520236,19,0,0,0,0
12525069,19,0,0,0,0
12529704,19,0,0,0,0
12534322,19,0,0,0,0
12538959,19,0,0,0,0
12543598,19,0,0,0,0
12548517,19,0,0,0,0
12553155,19,0,0,0,0
12557768,19,0,0,0,0
12562351,19,0,0,0,0
12566999,19,0,0,0,0
12571865,19,0,0,0,0
12576471,19,0,0,0,0
12581023,19,0,0,0,0
12585549,19,0,0,0,0
12590108,19,0,0,0,0
12594668,19,0,0,0,0
12599229,19,0,0,0,0
12603775,19,0,0,0,0
12608296,19,0,0,0,0
12612818,19,0,0,0,0
12617325,19,0,0,0,0
12621863,19,0,0,0,0
12626389,19,0,0,0,0
12630933,19,0,0,0,0
12635492,19,0,0,0,0
12640013,19,0,0,0,0
12644546,19,0,0,0,0
12649079,19,0,0,0,0
12653600,19,0,0,0,0
12658158,19,0,0,0,0
12662698,19,0,0,0,0
12667246,19,0,0,0,0
12671794,19,0,0,0,0
12676317,19,0,0,0,0
12680843,19,0,0,0,0
12685388,19,0,0,0,0
12689935,19,0,0,0,0
12694485,19,0,0,0,0
12699000,19,0,0,0,0
12703513,19,0,0,0,0
12708043,19,0,0,0,0
12712587,19,0,0,0,0
12717114,19,0,0,0,0
12721663,19,0,0,0,0
12726193,19,0,0,0,0
12730737,19,0,0,0,0
12735262,19,0,0,0,0
12739804,19,0,0,0,0
12744357,19,0,0,0,0
12748888,19,0,0,0,0
12753431,19,0,0,0,0
12757962,19,0,0,0,0
12762510,19,0,0,0,0
12767075,19,0,0,0,0
12771623,19,0,0,0,0
12776165,19,0,0,0,0
12780721,19,0,0,0,0
12785263,19,0,0,0,0
12789824,19,0,0,0,0
12794337,19,0,0,0,0
12798883,19,0,0,0,0
12803471,19,0,0,0,0
12808165,19,0,0,0,0
12812789,19,0,0,0,0
12817532,19,0,0,0,0
12822186,19,0,0,0,0
12826787,19,0,0,0,0
12831407,19,0,0,0,0
12835922,19,0,0,0,0
12840438,19,0,0,0,0
12845096,19,0,0,0,0
12849641,19,0,0,0,0
12854235,19,0,0,0,0
12858811,19,0,0,0,0
12863399,19,0,0,0,0
12868028,19,0,0,0,0
12872635,19,0,0,0,0
12877336,19,0,0,0,0
12882048,19,0,0,0,0
12886754,19,0,0,0,0
12891483,19,0,0,0,0
12896151,19,0,0,0,0
12901308,19,0,0,0,0
12905947,19,0,0,0,0
12910542,19,0,0,0,0
12915142,19,0,0,0,0
12919738,19,0,0,0,0
12924489,19,0,0,0,0
12929131,19,0,0,0,0
12933755,19,0,0,0,0
12938407,19,0,0,0,0
12942998,19,0,0,0,0
12947553,19,0,0,0,0
12952132,19,0,0,0,0
12956797,19,0,0,0,0
12961408,19,0,0,0,0
12966038,19,0,0,0,0
12970645,19,0,0,0,0
12975312,19,0,0,0,0
12980029,19,0,0,0,0
12984640,19,0,0,0,0
12989253,19,0,0,0,0
12993851,19,0,0,0,0
12998447,19,0,0,0,0
13003073,19,0,0,0,0
13007677,19,0,0,0,0
13012306,19,0,0,0,0
13016960,19,0,0,0,0
13021650,19,0,0,0,0
13026651,19,0,0,0,0
13031255,19,0,0,0,0
13035902,19,0,0,0,0
13040561,19,0,0,0,0
13045171,19,0,0,0,0
13049750,19,0,0,0,0
13054320,19,0,0,0,0
13059035,19,0,0,0,0
13063714,19,0,0,0,0
13068399,19,0,0,0,0
13073077,19,0,0,0,0
13077708,19,0,0,0,0
13082332,19,0,0,0,0
13086935,19,0,0,0,0
13091488,19,0,0,0,0
